{"stats":{"minecraft:used":{"minecraft:stone_pickaxe":25,"minecraft:oak_planks":3,"minecraft:wooden_pickaxe":9,"minecraft:sandstone":8,"minecraft:sand":4,"minecraft:crafting_table":1,"minecraft:orange_terracotta":1},"minecraft:mined":{"minecraft:cut_sandstone":2,"minecraft:stone_pressure_plate":1,"minecraft:orange_terracotta":1,"minecraft:tnt":9,"minecraft:crafting_table":1,"minecraft:grass":1,"minecraft:oak_log":5,"minecraft:tall_grass":2,"minecraft:stone":3,"minecraft:sugar_cane":4,"minecraft:sandstone":8},"minecraft:custom":{"minecraft:time_since_rest":1311,"minecraft:sprint_one_cm":33915,"minecraft:damage_taken":220,"minecraft:walk_one_cm":9950,"minecraft:mob_kills":1,"minecraft:damage_dealt":100,"minecraft:swim_one_cm":5565,"minecraft:interact_with_crafting_table":2,"minecraft:fly_one_cm":160021,"minecraft:open_chest":4,"minecraft:crouch_one_cm":216,"minecraft:play_one_minute":15611,"minecraft:deaths":1,"minecraft:sneak_time":252,"minecraft:walk_under_water_one_cm":380,"minecraft:jump":172,"minecraft:leave_game":3,"minecraft:walk_on_water_one_cm":7333,"minecraft:time_since_death":1004,"minecraft:fall_one_cm":3241},"minecraft:crafted":{"minecraft:oak_planks":12,"minecraft:crafting_table":1,"minecraft:stick":4,"minecraft:wooden_pickaxe":1,"minecraft:stone_pickaxe":1},"minecraft:killed_by":{"minecraft:creeper":1},"minecraft:killed":{"minecraft:cow":1},"minecraft:picked_up":{"minecraft:crafting_table":2,"minecraft:sandstone":8,"minecraft:leather":4,"minecraft:cut_sandstone":4,"minecraft:wooden_pickaxe":1,"minecraft:enchanted_book":2,"minecraft:sand":20,"minecraft:oak_log":7,"minecraft:gunpowder":10,"minecraft:string":19,"minecraft:stone_pressure_plate":2,"minecraft:tnt":18,"minecraft:orange_terracotta":1,"minecraft:bone":12,"minecraft:beef":2,"minecraft:stone_pickaxe":1,"minecraft:golden_apple":2,"minecraft:saddle":1,"minecraft:gold_ingot":4,"minecraft:light_gray_wool":2,"minecraft:sugar_cane":8,"minecraft:mutton":14,"minecraft:white_wool":4,"minecraft:cobblestone":3}},"DataVersion":2586}