{"stats":{"minecraft:used":{"minecraft:bread":5,"minecraft:stone_pickaxe":2,"minecraft:wooden_pickaxe":6,"epicfight:stone_greatsword":8,"minecraft:stone_axe":3,"minecraft:crafting_table":1},"minecraft:crafted":{"minecraft:stick":8,"minecraft:wooden_pickaxe":1,"minecraft:stone_pickaxe":1,"minecraft:birch_planks":12,"minecraft:stone_axe":1,"minecraft:air":1},"minecraft:mined":{"minecraft:birch_log":1,"minecraft:birch_leaves":4,"treechop:chopped_log":1,"minecraft:crafting_table":1,"immersive_weathering:birch_leaf_pile":1,"minecraft:grass":3,"minecraft:bookshelf":1,"minecraft:stone":8,"minecraft:oak_planks":1},"minecraft:picked_up":{"minecraft:book":6,"hexerei:animal_fat":1,"minecraft:crafting_table":1,"minecraft:brown_wool":1,"paraglider:spirit_orb":1,"minecraft:porkchop":3,"hexerei:sage_seed":1,"minecraft:rotten_flesh":2,"minecraft:mutton":2,"minecraft:birch_sapling":1,"minecraft:oak_planks":1,"minecraft:cobblestone":6,"minecraft:birch_log":6},"minecraft:custom":{"minecraft:time_since_rest":25633,"champions:champion_mobs_killed":1,"minecraft:sprint_one_cm":112435,"minecraft:damage_taken":653,"minecraft:walk_one_cm":86729,"minecraft:mob_kills":4,"minecraft:damage_dealt":539,"minecraft:swim_one_cm":8717,"minecraft:interact_with_crafting_table":8,"minecraft:fly_one_cm":188489,"minecraft:crouch_one_cm":1457,"minecraft:play_time":38600,"minecraft:deaths":2,"minecraft:sneak_time":260,"minecraft:walk_under_water_one_cm":2992,"minecraft:boat_one_cm":87721,"minecraft:jump":285,"minecraft:leave_game":1,"minecraft:time_since_death":25601,"minecraft:walk_on_water_one_cm":4502,"minecraft:climb_one_cm":2592,"minecraft:total_world_time":38600,"minecraft:fall_one_cm":3277},"minecraft:killed_by":{"minecraft:skeleton":1,"minecraft:creeper":1},"minecraft:killed":{"minecraft:sheep":1,"minecraft:pig":2,"restored_earth:lobber_zombie":1}},"DataVersion":2975}