{"stats":{"minecraft:used":{"minecraft:white_bed":6,"minecraft:water_bucket":3,"minecraft:stone":4,"minecraft:flint_and_steel":10},"minecraft:custom":{"minecraft:jump":16,"minecraft:time_since_rest":1260,"minecraft:play_one_minute":1260,"minecraft:leave_game":3,"minecraft:sprint_one_cm":1754,"minecraft:time_since_death":1260,"minecraft:walk_on_water_one_cm":1214,"minecraft:walk_one_cm":9357,"minecraft:sneak_time":28,"minecraft:climb_one_cm":222,"minecraft:talked_to_villager":1,"minecraft:fly_one_cm":76691}},"DataVersion":2586}