{"stats":{"minecraft:used":{"minecraft:cooked_mutton":3,"minecraft:stone_pickaxe":37,"minecraft:baked_potato":1,"minecraft:wooden_pickaxe":6,"minecraft:dirt":2,"minecraft:crafting_table":3,"minecraft:carrot":6,"minecraft:flower_pot":2,"minecraft:apple":2,"minecraft:bread":5,"minecraft:brown_wool":1,"wom:iron_staff":111,"epicfight:stone_greatsword":19,"minecraft:stone_axe":12,"minecraft:potion":1,"minecraft:furnace":1,"minecraft:cooked_porkchop":3,"minecraft:cooked_beef":1,"minecraft:coarse_dirt":2},"minecraft:dropped":{"hexerei:sage_seed":1,"minecraft:wheat_seeds":31,"minecraft:glass_bottle":2,"minecraft:leather_helmet":1,"minecraft:stick":17,"minecraft:chainmail_boots":1,"minecraft:leather_leggings":2,"minecraft:iron_bars":2,"minecraft:wooden_pickaxe":2},"minecraft:crafted":{"minecraft:cooked_beef":5,"minecraft:cooked_porkchop":3,"minecraft:wooden_pickaxe":1,"minecraft:birch_planks":16,"minecraft:stone_axe":1,"minecraft:cooked_mutton":3,"minecraft:air":2,"minecraft:stick":16,"minecraft:stone_pickaxe":1,"wom:iron_staff":1},"minecraft:mined":{"minecraft:potted_cactus":2,"minecraft:crafting_table":2,"immersive_weathering:birch_leaf_pile":1,"minecraft:copper_ore":1,"minecraft:cobblestone":3,"minecraft:oak_planks":1,"minecraft:spawner":2,"minecraft:coarse_dirt":2,"minecraft:furnace":1,"minecraft:carrots":8,"minecraft:birch_log":1,"minecraft:fire":1,"minecraft:birch_leaves":4,"minecraft:waxed_copper_block":1,"treechop:chopped_log":1,"minecraft:grass":3,"minecraft:bookshelf":1,"minecraft:coal_ore":5,"minecraft:iron_bars":4,"minecraft:dirt":2,"minecraft:cracked_stone_bricks":2,"minecraft:stone":18,"minecraft:spruce_slab":1},"minecraft:killed":{"minecraft:pig":3,"restored_earth:lobber_zombie":1,"bloodandmadness:cloaked_beast_patient":1,"minecraft:spider":1,"majruszsdifficulty:cursed_armor":1,"minecraft:sheep":1,"minecraft:skeleton":1,"minecraft:zombie":5},"minecraft:custom":{"lootr:looted_stat":10,"minecraft:interact_with_furnace":5,"minecraft:mob_kills":13,"minecraft:interact_with_crafting_table":12,"minecraft:interact_with_loom":1,"minecraft:pot_flower":2,"minecraft:leave_game":2,"minecraft:time_since_death":6,"minecraft:climb_one_cm":2592,"minecraft:time_since_rest":31,"minecraft:damage_absorbed":6,"champions:champion_mobs_killed":9,"minecraft:sprint_one_cm":244964,"minecraft:walk_one_cm":369029,"minecraft:damage_taken":2067,"minecraft:drop":12,"minecraft:damage_dealt":2778,"minecraft:damage_dealt_absorbed":54,"minecraft:swim_one_cm":8717,"minecraft:talked_to_villager":1,"minecraft:fly_one_cm":228286,"minecraft:open_chest":1,"minecraft:crouch_one_cm":2329,"minecraft:play_time":88310,"minecraft:deaths":7,"minecraft:sneak_time":545,"minecraft:walk_under_water_one_cm":2992,"minecraft:boat_one_cm":87721,"minecraft:jump":541,"minecraft:walk_on_water_one_cm":5261,"minecraft:total_world_time":88310,"minecraft:fall_one_cm":11769},"minecraft:picked_up":{"minecraft:birch_log":6,"minecraft:crafting_table":2,"minecraft:coarse_dirt":2,"epicfight:stone_spear":1,"minecraft:flower_pot":2,"minecraft:leather_leggings":1,"minecraft:brown_wool":1,"minecraft:wooden_pickaxe":2,"paraglider:spirit_orb":1,"minecraft:waxed_copper_block":1,"minecraft:dirt":2,"minecraft:paper":1,"minecraft:bone":7,"minecraft:cracked_stone_bricks":1,"minecraft:wheat_seeds":31,"minecraft:iron_ingot":3,"minecraft:glass_bottle":1,"minecraft:spruce_slab":1,"minecraft:birch_sapling":1,"minecraft:oak_planks":1,"minecraft:furnace":1,"minecraft:book":6,"hexerei:animal_fat":1,"minecraft:stick":17,"minecraft:porkchop":5,"minecraft:carrot":29,"bloodandmadness:beastblood_clump":1,"hexerei:sage_seed":1,"minecraft:cactus":2,"minecraft:arrow":3,"minecraft:rotten_flesh":5,"minecraft:mutton":2,"minecraft:iron_bars":4,"minecraft:coal":7,"minecraft:cobblestone":17},"minecraft:killed_by":{"minecraft:player":1,"minecraft:skeleton":3,"minecraft:creeper":1,"minecraft:zombie":2}},"DataVersion":2975}