{"stats":{"minecraft:killed":{"minecraft:skeleton":1,"restored_earth:bouldering_zombie":1},"minecraft:dropped":{"hexerei:sage_seed":1,"minecraft:birch_sapling":3,"minecraft:bone_meal":1},"minecraft:custom":{"minecraft:time_since_rest":25630,"champions:champion_mobs_killed":2,"lootr:looted_stat":1,"minecraft:sprint_one_cm":72991,"minecraft:damage_taken":52,"minecraft:walk_one_cm":181433,"minecraft:mob_kills":2,"minecraft:drop":3,"minecraft:damage_dealt":45,"minecraft:tune_noteblock":1,"minecraft:swim_one_cm":8151,"minecraft:interact_with_crafting_table":6,"minecraft:fly_one_cm":36558,"minecraft:open_barrel":2,"minecraft:crouch_one_cm":6781,"minecraft:play_time":25630,"minecraft:sneak_time":852,"minecraft:walk_under_water_one_cm":601,"minecraft:boat_one_cm":718,"minecraft:jump":216,"minecraft:leave_game":2,"minecraft:time_since_death":25630,"minecraft:walk_on_water_one_cm":2328,"minecraft:climb_one_cm":4216,"minecraft:total_world_time":25630,"minecraft:fall_one_cm":2509},"minecraft:picked_up":{"minecraft:book":54,"minecraft:birch_log":9,"minecraft:wheat":58,"farmersdelight:rich_soil":1,"minecraft:charcoal":4,"minecraft:crafting_table":3,"minecraft:black_bed":1,"minecraft:torch":7,"minecraft:potato":1,"minecraft:smoker":1,"minecraft:oak_stairs":1,"paraglider:spirit_orb":1,"minecraft:carrot":2,"minecraft:raw_copper":79,"hexerei:sage_seed":1,"minecraft:arrow":2,"minecraft:bone":1,"minecraft:rotten_flesh":1,"minecraft:wheat_seeds":154,"minecraft:bone_meal":1,"minecraft:coal_block":3,"minecraft:mutton":8,"minecraft:spruce_trapdoor":1,"minecraft:birch_sapling":3,"minecraft:coal":3,"minecraft:cobblestone":11,"minecraft:furnace":1},"minecraft:used":{"minecraft:birch_planks":4,"minecraft:bread":3,"minecraft:oak_stairs":1,"minecraft:stone_pickaxe":47,"minecraft:birch_boat":1,"minecraft:wooden_pickaxe":3,"minecraft:spruce_trapdoor":1,"farmersdelight:rich_soil":1,"minecraft:stone_axe":21,"minecraft:torch":8,"minecraft:crafting_table":3,"minecraft:wheat_seeds":61},"minecraft:crafted":{"minecraft:stone_pickaxe":1,"minecraft:torch":4,"minecraft:air":48},"minecraft:mined":{"farmersdelight:rich_soil":1,"minecraft:furnace":1,"minecraft:carrots":2,"minecraft:birch_log":2,"minecraft:wheat":58,"minecraft:smoker":1,"minecraft:birch_leaves":4,"minecraft:black_bed":1,"treechop:chopped_log":1,"minecraft:spruce_trapdoor":1,"minecraft:crafting_table":3,"minecraft:torch":3,"minecraft:potatoes":1,"minecraft:grass":1,"minecraft:bookshelf":19,"minecraft:grass_block":1,"minecraft:coal_ore":4,"minecraft:oak_stairs":1,"minecraft:campfire":2,"minecraft:coal_block":3,"minecraft:copper_ore":21,"minecraft:stone":11,"minecraft:wall_torch":4}},"DataVersion":2975}