{"stats":{"minecraft:used":{"minecraft:wheat_seeds":61,"minecraft:birch_planks":4,"minecraft:polished_andesite":1,"minecraft:stone_pickaxe":54,"minecraft:wooden_pickaxe":3,"minecraft:birch_boat":1,"minecraft:iron_sword":45,"farmersdelight:rich_soil":1,"minecraft:torch":26,"minecraft:crafting_table":7,"minecraft:black_bed":1,"minecraft:bread":24,"minecraft:oak_stairs":1,"minecraft:iron_pickaxe":10,"minecraft:spruce_trapdoor":1,"minecraft:stone_axe":39,"minecraft:cobblestone":3},"minecraft:crafted":{"minecraft:iron_sword":1,"minecraft:air":225,"minecraft:stone_pickaxe":1,"minecraft:torch":4},"minecraft:dropped":{"minecraft:porkchop":2,"hexerei:sage_seed":1,"minecraft:wheat_seeds":325,"minecraft:chorus_fruit":3,"minecraft:glass_bottle":4,"minecraft:wheat":1,"minecraft:birch_sapling":3,"minecraft:rotten_flesh":6,"minecraft:spruce_stairs":3,"minecraft:carrot":3,"minecraft:filled_map":1,"minecraft:potato":1,"minecraft:flower_pot":1,"minecraft:mutton":8,"minecraft:leather_leggings":2,"minecraft:spider_eye":1,"minecraft:bone_meal":1,"minecraft:iron_bars":2,"minecraft:arrow":5,"minecraft:wooden_pickaxe":5,"minecraft:stone_pickaxe":1,"minecraft:iron_pickaxe":1,"minecraft:paper":1,"minecraft:bone":3},"minecraft:mined":{"minecraft:smithing_table":1,"minecraft:potted_pink_tulip":1,"farmersdelight:rich_soil":1,"minecraft:smoker":1,"minecraft:crafting_table":6,"minecraft:torch":13,"minecraft:spruce_trapdoor":1,"minecraft:grass_block":1,"minecraft:campfire":2,"minecraft:coal_block":3,"minecraft:copper_ore":21,"minecraft:cobblestone":1,"minecraft:wall_torch":10,"minecraft:spawner":6,"minecraft:furnace":5,"minecraft:carrots":2,"minecraft:birch_log":2,"minecraft:wheat":58,"minecraft:jukebox":1,"minecraft:birch_leaves":4,"treechop:chopped_log":1,"minecraft:black_bed":1,"minecraft:grass":1,"minecraft:bookshelf":19,"minecraft:potatoes":1,"minecraft:coal_ore":4,"minecraft:oak_stairs":1,"minecraft:iron_bars":2,"minecraft:polished_andesite":1,"minecraft:stone":11,"minecraft:iron_block":1},"minecraft:killed":{"minecraft:spider":1,"minecraft:skeleton":4,"minecraft:zombie":6,"restored_earth:bouldering_zombie":1},"minecraft:custom":{"minecraft:interact_with_furnace":1,"lootr:looted_stat":11,"minecraft:mob_kills":12,"minecraft:tune_noteblock":1,"minecraft:interact_with_crafting_table":14,"minecraft:open_barrel":5,"minecraft:damage_dealt_resisted":572,"minecraft:leave_game":3,"minecraft:time_since_death":80102,"minecraft:climb_one_cm":5694,"minecraft:time_since_rest":80102,"minecraft:damage_absorbed":38,"champions:champion_mobs_killed":12,"minecraft:sprint_one_cm":365437,"minecraft:damage_taken":776,"minecraft:walk_one_cm":731852,"minecraft:drop":43,"minecraft:damage_dealt":1589,"minecraft:damage_dealt_absorbed":18,"minecraft:swim_one_cm":8151,"minecraft:fly_one_cm":90431,"minecraft:player_kills":1,"minecraft:open_chest":6,"minecraft:crouch_one_cm":9836,"minecraft:play_time":80102,"minecraft:sneak_time":1234,"minecraft:walk_under_water_one_cm":601,"minecraft:boat_one_cm":718,"minecraft:jump":499,"minecraft:walk_on_water_one_cm":2742,"minecraft:total_world_time":80102,"minecraft:fall_one_cm":10284},"minecraft:picked_up":{"minecraft:birch_log":9,"minecraft:wheat":226,"minecraft:charcoal":4,"minecraft:crafting_table":6,"farmersdelight:rich_soil":1,"minecraft:flower_pot":1,"minecraft:leather_leggings":2,"minecraft:black_bed":1,"minecraft:smithing_table":1,"minecraft:wooden_pickaxe":5,"minecraft:smoker":1,"minecraft:oak_stairs":1,"minecraft:potato":1,"minecraft:potion":1,"paraglider:spirit_orb":1,"minecraft:string":2,"minecraft:raw_copper":79,"minecraft:bone":3,"minecraft:wheat_seeds":385,"minecraft:glass_bottle":4,"minecraft:iron_pickaxe":1,"minecraft:coal_block":3,"minecraft:birch_sapling":3,"minecraft:spruce_trapdoor":1,"minecraft:furnace":5,"minecraft:book":55,"minecraft:jukebox":1,"minecraft:torch":23,"minecraft:spruce_stairs":3,"minecraft:porkchop":2,"minecraft:spruce_log":10,"minecraft:carrot":3,"minecraft:spider_eye":1,"minecraft:polished_andesite":1,"hexerei:sage_seed":1,"minecraft:arrow":5,"minecraft:rotten_flesh":6,"minecraft:iron_block":1,"minecraft:bone_meal":1,"minecraft:mutton":8,"minecraft:iron_bars":2,"minecraft:coal":24,"minecraft:cobblestone":13}},"DataVersion":2975}