{"stats":{"minecraft:mined":{"minecraft:white_bed":7,"minecraft:farmland":1,"minecraft:dandelion":1,"minecraft:crafting_table":1,"minecraft:granite":29,"minecraft:acacia_log":2,"minecraft:grass_block":55,"minecraft:chest":2,"minecraft:tall_grass":4,"minecraft:cobblestone":9,"minecraft:oak_planks":1,"minecraft:diorite":22,"minecraft:wall_torch":1,"minecraft:iron_ore":34,"minecraft:andesite":70,"minecraft:yellow_bed":2,"minecraft:grass_path":11,"minecraft:grass":48,"minecraft:oak_log":15,"minecraft:coal_ore":107,"minecraft:gravel":36,"minecraft:dirt":48,"minecraft:stone":556,"minecraft:gold_ore":1,"minecraft:white_wool":2,"minecraft:oak_leaves":5},"minecraft:used":{"minecraft:water_bucket":30,"minecraft:iron_shovel":63,"minecraft:stone_shovel":77,"minecraft:stone_pickaxe":73,"minecraft:oak_planks":1,"minecraft:poppy":2,"minecraft:chest":2,"minecraft:wooden_pickaxe":10,"minecraft:rotten_flesh":7,"minecraft:white_wool":2,"minecraft:dirt":82,"minecraft:crafting_table":2,"minecraft:spider_eye":1,"minecraft:white_bed":5,"minecraft:acacia_sapling":3,"minecraft:wooden_axe":35,"minecraft:iron_axe":8,"minecraft:bread":5,"minecraft:iron_pickaxe":750,"minecraft:stone_axe":19,"minecraft:golden_sword":15,"minecraft:cobblestone":11,"minecraft:bucket":30,"minecraft:andesite":12,"minecraft:yellow_bed":1,"minecraft:cooked_beef":1,"minecraft:potato":1},"minecraft:dropped":{"minecraft:wheat_seeds":4,"minecraft:rotten_flesh":3,"minecraft:carrot":33,"minecraft:spider_eye":1,"minecraft:iron_ore":10,"minecraft:iron_axe":1},"minecraft:custom":{"minecraft:interact_with_furnace":18,"minecraft:mob_kills":5,"minecraft:interact_with_crafting_table":14,"minecraft:play_one_minute":83077,"minecraft:leave_game":3,"minecraft:time_since_death":1976,"minecraft:climb_one_cm":2520,"minecraft:time_since_rest":2020,"minecraft:sprint_one_cm":142250,"minecraft:damage_taken":7234,"minecraft:walk_one_cm":156201,"minecraft:drop":10,"minecraft:damage_dealt":2964,"minecraft:player_kills":1,"minecraft:swim_one_cm":2464,"minecraft:fly_one_cm":235177,"minecraft:open_chest":23,"minecraft:crouch_one_cm":11351,"minecraft:deaths":24,"minecraft:sneak_time":5858,"minecraft:walk_under_water_one_cm":29709,"minecraft:jump":1115,"minecraft:walk_on_water_one_cm":24330,"minecraft:fall_one_cm":37527},"minecraft:crafted":{"minecraft:cooked_beef":1,"minecraft:oak_planks":32,"minecraft:crafting_table":1,"minecraft:bucket":1,"minecraft:air":0,"minecraft:stick":20,"minecraft:iron_ingot":13,"minecraft:iron_pickaxe":3,"minecraft:stone_pickaxe":1,"minecraft:wooden_axe":1,"minecraft:iron_shovel":1,"minecraft:acacia_planks":8},"minecraft:killed_by":{"minecraft:player":4,"minecraft:cave_spider":1,"minecraft:skeleton":1,"minecraft:creeper":4,"minecraft:spider":2,"minecraft:iron_golem":11},"minecraft:broken":{"minecraft:stone_pickaxe":1,"minecraft:iron_pickaxe":3,"minecraft:wooden_axe":1},"minecraft:killed":{"minecraft:iron_golem":2,"minecraft:zombie":1,"minecraft:cow":2},"minecraft:picked_up":{"minecraft:wooden_axe":4,"minecraft:crafting_table":4,"minecraft:iron_chestplate":1,"minecraft:wheat":12,"minecraft:water_bucket":1,"minecraft:andesite":158,"minecraft:leather":6,"minecraft:wooden_pickaxe":6,"minecraft:flint":11,"minecraft:oak_log":15,"minecraft:yellow_bed":2,"minecraft:gunpowder":19,"minecraft:string":4,"minecraft:dirt":245,"minecraft:oak_trapdoor":4,"minecraft:iron_axe":5,"minecraft:iron_shovel":2,"minecraft:stonecutter":2,"minecraft:wheat_seeds":15,"minecraft:gold_nugget":14,"minecraft:bucket":1,"minecraft:stone_pickaxe":5,"minecraft:iron_ingot":35,"minecraft:beef":2,"minecraft:iron_ore":54,"minecraft:fletching_table":3,"minecraft:poppy":4,"minecraft:iron_pickaxe":2,"minecraft:chest":4,"minecraft:oak_planks":37,"minecraft:acacia_sapling":5,"minecraft:book":2,"minecraft:stick":21,"minecraft:composter":4,"minecraft:torch":1,"minecraft:dandelion":3,"minecraft:acacia_log":2,"minecraft:gravel":85,"minecraft:blast_furnace":2,"minecraft:diorite":50,"minecraft:white_bed":7,"minecraft:carrot":99,"minecraft:gold_ore":2,"minecraft:spider_eye":2,"minecraft:arrow":1,"minecraft:rotten_flesh":12,"minecraft:stone_shovel":4,"minecraft:stone_axe":7,"minecraft:music_disc_ward":1,"minecraft:granite":54,"minecraft:bread":6,"minecraft:oak_sapling":2,"minecraft:mutton":2,"minecraft:coal":290,"minecraft:white_wool":12,"minecraft:cobblestone":1602}},"DataVersion":2586}