{"stats":{"minecraft:mined":{"minecraft:white_bed":28,"minecraft:granite":7,"minecraft:acacia_log":28,"minecraft:grass_block":20,"minecraft:spruce_leaves":31,"minecraft:composter":1,"minecraft:hay_block":52,"minecraft:redstone_ore":23,"minecraft:spruce_sapling":1,"minecraft:furnace":2,"minecraft:iron_ore":45,"minecraft:fire":5,"minecraft:andesite":19,"minecraft:stripped_spruce_log":1,"minecraft:peony":1,"minecraft:gold_block":2,"minecraft:potatoes":26,"minecraft:stone":172,"minecraft:green_bed":1,"minecraft:smithing_table":1,"minecraft:dandelion":2,"minecraft:crafting_table":7,"minecraft:torch":7,"minecraft:dead_bush":2,"minecraft:lectern":64,"minecraft:tall_grass":36,"minecraft:cobblestone":63,"minecraft:lapis_ore":2,"minecraft:sugar_cane":40,"minecraft:wall_torch":6,"minecraft:diorite":3,"minecraft:lime_bed":2,"minecraft:birch_log":18,"minecraft:wheat":1,"minecraft:spruce_log":507,"minecraft:grass_path":8,"minecraft:yellow_bed":5,"minecraft:grass":279,"minecraft:coal_ore":78,"minecraft:oak_log":26,"minecraft:gravel":5,"minecraft:dirt":220,"minecraft:acacia_planks":5,"minecraft:gold_ore":1,"minecraft:oak_leaves":3},"minecraft:used":{"minecraft:stone_sword":4,"minecraft:iron_shovel":12,"minecraft:stone_shovel":39,"minecraft:shield":46,"minecraft:iron_sword":112,"minecraft:rotten_flesh":19,"minecraft:stone_hoe":90,"minecraft:torch":19,"minecraft:dirt":178,"minecraft:spruce_boat":7,"minecraft:iron_axe":210,"minecraft:furnace":4,"minecraft:cooked_beef":6,"minecraft:potato":51,"minecraft:acacia_planks":13,"minecraft:cooked_mutton":4,"minecraft:wheat_seeds":9,"minecraft:water_bucket":8,"minecraft:stone_pickaxe":74,"minecraft:baked_potato":32,"minecraft:oak_planks":16,"minecraft:wooden_pickaxe":6,"minecraft:sugar_cane":34,"minecraft:composter":3,"minecraft:diamond_axe":663,"minecraft:lime_bed":1,"minecraft:crafting_table":10,"minecraft:white_bed":27,"minecraft:spruce_log":2,"minecraft:oak_log":2,"minecraft:diamond_shovel":159,"minecraft:bread":12,"minecraft:iron_pickaxe":346,"minecraft:lectern":65,"minecraft:spruce_trapdoor":4,"minecraft:spruce_sapling":33,"minecraft:stone_axe":21,"minecraft:cobblestone":239,"minecraft:smithing_table":1,"minecraft:bucket":7,"minecraft:yellow_bed":2,"minecraft:bone_meal":8},"minecraft:dropped":{"minecraft:stone_hoe":4,"minecraft:iron_ingot":1,"minecraft:wheat_seeds":14,"minecraft:smithing_table":1,"minecraft:golden_axe":13,"minecraft:lead":4,"minecraft:acacia_trapdoor":2,"minecraft:chainmail_helmet":6,"minecraft:emerald":1,"minecraft:stick":5,"minecraft:dirt":5,"minecraft:gray_wool":2,"minecraft:ink_sac":3,"minecraft:iron_leggings":1,"minecraft:iron_axe":5,"minecraft:chainmail_leggings":2,"minecraft:string":5,"minecraft:spruce_sapling":2,"minecraft:dandelion":1,"minecraft:bone":3,"minecraft:stone_axe":7,"minecraft:sugar_cane":9,"minecraft:stone_shovel":3,"minecraft:iron_boots":2,"minecraft:glowstone_dust":2,"minecraft:cooked_mutton":6,"minecraft:chainmail_chestplate":4,"minecraft:poppy":3,"minecraft:tipped_arrow":16,"minecraft:diamond_chestplate":1,"minecraft:iron_chestplate":2,"minecraft:andesite":22,"minecraft:yellow_bed":1,"minecraft:chainmail_boots":2,"minecraft:spider_eye":24,"minecraft:diamond_boots":1,"minecraft:bow":5,"minecraft:arrow":11,"minecraft:stone_pickaxe":1},"minecraft:custom":{"minecraft:interact_with_smithing_table":1,"minecraft:mob_kills":69,"minecraft:interact_with_crafting_table":50,"minecraft:leave_game":5,"minecraft:time_since_death":61021,"minecraft:climb_one_cm":10139,"minecraft:sprint_one_cm":345273,"minecraft:walk_one_cm":328002,"minecraft:damage_blocked_by_shield":480,"minecraft:drop":130,"minecraft:talked_to_villager":251,"minecraft:raid_win":1,"minecraft:deaths":5,"minecraft:sneak_time":19938,"minecraft:walk_under_water_one_cm":5114,"minecraft:boat_one_cm":4611,"minecraft:jump":3841,"minecraft:walk_on_water_one_cm":15744,"minecraft:interact_with_furnace":27,"minecraft:traded_with_villager":80,"minecraft:play_one_minute":166749,"minecraft:sleep_in_bed":15,"minecraft:time_since_rest":6807,"minecraft:damage_taken":4283,"minecraft:damage_dealt":9910,"minecraft:swim_one_cm":9337,"minecraft:fly_one_cm":815386,"minecraft:open_chest":81,"minecraft:crouch_one_cm":77240,"minecraft:fall_one_cm":114847},"minecraft:crafted":{"minecraft:oak_planks":88,"minecraft:stone_shovel":1,"minecraft:furnace":3,"minecraft:bone_meal":9,"minecraft:diamond_shovel":1,"minecraft:bookshelf":1,"minecraft:cooked_mutton":8,"minecraft:diamond_leggings":2,"minecraft:iron_boots":2,"minecraft:iron_axe":1,"minecraft:spruce_slab":18,"minecraft:stone_pickaxe":1,"minecraft:spruce_boat":2,"minecraft:wheat":468,"minecraft:cooked_beef":6,"minecraft:emerald":76,"minecraft:diamond_axe":1,"minecraft:crafting_table":6,"minecraft:spruce_planks":1736,"minecraft:iron_helmet":1,"minecraft:wooden_pickaxe":1,"minecraft:baked_potato":35,"minecraft:iron_sword":2,"minecraft:bucket":1,"minecraft:stone_axe":1,"minecraft:bread":128,"minecraft:air":0,"minecraft:spruce_trapdoor":4,"minecraft:lectern":1,"minecraft:iron_chestplate":1,"minecraft:white_wool":14,"minecraft:book":4,"minecraft:paper":12,"minecraft:charcoal":3,"minecraft:shield":1,"minecraft:stick":3117,"minecraft:iron_ingot":10,"minecraft:iron_pickaxe":3,"minecraft:stone_sword":1,"minecraft:iron_shovel":1,"minecraft:iron_leggings":1,"minecraft:white_bed":4,"minecraft:composter":2,"minecraft:acacia_planks":44,"minecraft:torch":12,"minecraft:diamond_chestplate":1},"minecraft:broken":{"minecraft:iron_pickaxe":1},"minecraft:killed_by":{"minecraft:player":2,"minecraft:creeper":1,"minecraft:vindicator":1,"minecraft:cave_spider":1},"minecraft:killed":{"minecraft:cave_spider":8,"minecraft:spider":9,"minecraft:skeleton":2,"minecraft:pig":5,"minecraft:iron_golem":1,"minecraft:sheep":18,"minecraft:pillager":1,"minecraft:zombie":3,"minecraft:donkey":1,"minecraft:cow":21},"minecraft:picked_up":{"minecraft:charcoal":1,"minecraft:iron_chestplate":4,"minecraft:crafting_table":6,"minecraft:wheat":1,"minecraft:chainmail_boots":2,"minecraft:chicken":1,"minecraft:smithing_table":2,"minecraft:lead":6,"minecraft:gold_block":1,"minecraft:shield":1,"minecraft:string":19,"minecraft:iron_axe":7,"minecraft:iron_leggings":3,"minecraft:diamond_leggings":1,"minecraft:spruce_planks":115,"minecraft:beef":44,"minecraft:poppy":8,"minecraft:iron_pickaxe":1,"minecraft:lectern":64,"minecraft:sugar_cane":67,"minecraft:birch_sapling":1,"minecraft:iron_boots":4,"minecraft:furnace":2,"minecraft:tipped_arrow":19,"minecraft:stick":74,"minecraft:stone":1,"minecraft:composter":1,"minecraft:torch":13,"minecraft:acacia_log":28,"minecraft:green_bed":1,"minecraft:porkchop":7,"minecraft:golden_axe":13,"minecraft:diorite":3,"minecraft:redstone":64,"minecraft:rotten_flesh":2,"minecraft:arrow":24,"minecraft:stone_shovel":4,"minecraft:diamond_chestplate":1,"minecraft:hay_block":52,"minecraft:mutton":29,"minecraft:white_wool":14,"minecraft:cobblestone":318,"minecraft:birch_log":32,"minecraft:lime_bed":2,"minecraft:water_bucket":1,"minecraft:andesite":41,"minecraft:brown_wool":2,"minecraft:leather":16,"minecraft:potato":166,"minecraft:flint":1,"minecraft:oak_log":24,"minecraft:chainmail_chestplate":4,"minecraft:yellow_bed":3,"minecraft:lapis_lazuli":10,"minecraft:dirt":275,"minecraft:lantern":36,"minecraft:cooked_mutton":6,"minecraft:bone":6,"minecraft:acacia_planks":10,"minecraft:bow":5,"minecraft:wheat_seeds":31,"minecraft:acacia_trapdoor":4,"minecraft:iron_ingot":139,"minecraft:stone_pickaxe":1,"minecraft:iron_ore":43,"minecraft:glowstone_dust":2,"minecraft:stone_hoe":6,"minecraft:iron_sword":3,"minecraft:book":6,"minecraft:cooked_porkchop":2,"minecraft:dandelion":1,"minecraft:poisonous_potato":4,"minecraft:gravel":3,"minecraft:stripped_spruce_log":1,"minecraft:spruce_sapling":12,"minecraft:ink_sac":3,"minecraft:white_bed":29,"minecraft:spruce_log":495,"minecraft:gold_ore":1,"minecraft:spider_eye":31,"minecraft:spruce_boat":6,"minecraft:stone_axe":7,"minecraft:chainmail_leggings":2,"minecraft:iron_helmet":4,"minecraft:granite":6,"minecraft:diamond_axe":1,"minecraft:gray_wool":2,"minecraft:chainmail_helmet":7,"minecraft:emerald":2,"minecraft:baked_potato":23,"minecraft:coal":107}},"DataVersion":2586}