{"stats":{"minecraft:killed_by":{"minecraft:cave_spider":1,"minecraft:creeper":1},"minecraft:used":{"minecraft:cooked_mutton":4,"minecraft:water_bucket":4,"minecraft:iron_shovel":12,"minecraft:stone_sword":4,"minecraft:stone_pickaxe":74,"minecraft:stone_shovel":19,"minecraft:oak_planks":16,"minecraft:shield":46,"minecraft:wooden_pickaxe":6,"minecraft:iron_sword":28,"minecraft:rotten_flesh":17,"minecraft:torch":17,"minecraft:lime_bed":1,"minecraft:crafting_table":9,"minecraft:white_bed":1,"minecraft:oak_log":2,"minecraft:bread":12,"minecraft:iron_axe":132,"minecraft:iron_pickaxe":252,"minecraft:stone_axe":21,"minecraft:cobblestone":63,"minecraft:furnace":4,"minecraft:bucket":4,"minecraft:cooked_beef":6,"minecraft:potato":1,"minecraft:acacia_planks":13},"minecraft:dropped":{"minecraft:wheat_seeds":6,"minecraft:iron_boots":1,"minecraft:cooked_mutton":6,"minecraft:stick":4,"minecraft:gray_wool":2,"minecraft:iron_axe":1,"minecraft:string":3},"minecraft:broken":{"minecraft:iron_pickaxe":1},"minecraft:picked_up":{"minecraft:birch_log":32,"minecraft:charcoal":1,"minecraft:lime_bed":2,"minecraft:crafting_table":5,"minecraft:wheat":1,"minecraft:andesite":14,"minecraft:brown_wool":2,"minecraft:leather":11,"minecraft:potato":1,"minecraft:gold_block":1,"minecraft:flint":1,"minecraft:oak_log":24,"minecraft:shield":1,"minecraft:string":16,"minecraft:lapis_lazuli":10,"minecraft:dirt":16,"minecraft:iron_axe":1,"minecraft:cooked_mutton":6,"minecraft:acacia_planks":10,"minecraft:wheat_seeds":10,"minecraft:iron_ingot":3,"minecraft:beef":39,"minecraft:iron_ore":43,"minecraft:poppy":2,"minecraft:sugar_cane":12,"minecraft:birch_sapling":1,"minecraft:furnace":2,"minecraft:stick":6,"minecraft:torch":11,"minecraft:green_bed":1,"minecraft:acacia_log":28,"minecraft:porkchop":7,"minecraft:gravel":3,"minecraft:diorite":3,"minecraft:white_bed":1,"minecraft:gold_ore":1,"minecraft:redstone":64,"minecraft:spider_eye":3,"minecraft:hay_block":52,"minecraft:granite":6,"minecraft:gray_wool":2,"minecraft:mutton":22,"minecraft:coal":107,"minecraft:white_wool":10,"minecraft:cobblestone":160},"minecraft:mined":{"minecraft:white_bed":1,"minecraft:crafting_table":6,"minecraft:torch":7,"minecraft:granite":7,"minecraft:acacia_log":28,"minecraft:grass_block":5,"minecraft:dead_bush":2,"minecraft:tall_grass":16,"minecraft:cobblestone":11,"minecraft:lapis_ore":2,"minecraft:sugar_cane":3,"minecraft:diorite":3,"minecraft:wall_torch":5,"minecraft:hay_block":52,"minecraft:lime_bed":2,"minecraft:redstone_ore":23,"minecraft:furnace":2,"minecraft:birch_log":18,"minecraft:iron_ore":45,"minecraft:wheat":1,"minecraft:fire":5,"minecraft:andesite":14,"minecraft:peony":1,"minecraft:gold_block":2,"minecraft:grass":93,"minecraft:oak_log":26,"minecraft:potatoes":1,"minecraft:coal_ore":78,"minecraft:gravel":5,"minecraft:dirt":12,"minecraft:acacia_planks":5,"minecraft:stone":144,"minecraft:gold_ore":1,"minecraft:oak_leaves":3,"minecraft:green_bed":1},"minecraft:killed":{"minecraft:cave_spider":8,"minecraft:pig":5,"minecraft:iron_golem":1,"minecraft:sheep":14,"minecraft:zombie":1,"minecraft:cow":17},"minecraft:custom":{"minecraft:interact_with_furnace":22,"minecraft:mob_kills":46,"minecraft:interact_with_crafting_table":26,"minecraft:play_one_minute":55496,"minecraft:leave_game":3,"minecraft:time_since_death":377,"minecraft:sleep_in_bed":2,"minecraft:climb_one_cm":905,"minecraft:time_since_rest":405,"minecraft:sprint_one_cm":164792,"minecraft:damage_taken":2101,"minecraft:walk_one_cm":82284,"minecraft:damage_blocked_by_shield":480,"minecraft:drop":10,"minecraft:damage_dealt":5787,"minecraft:swim_one_cm":6647,"minecraft:fly_one_cm":387058,"minecraft:open_chest":19,"minecraft:crouch_one_cm":38821,"minecraft:deaths":2,"minecraft:sneak_time":9576,"minecraft:walk_under_water_one_cm":2916,"minecraft:jump":1705,"minecraft:walk_on_water_one_cm":9646,"minecraft:fall_one_cm":39691},"minecraft:crafted":{"minecraft:cooked_beef":6,"minecraft:oak_planks":88,"minecraft:stone_shovel":1,"minecraft:crafting_table":5,"minecraft:wooden_pickaxe":1,"minecraft:iron_helmet":1,"minecraft:iron_sword":1,"minecraft:furnace":3,"minecraft:bucket":1,"minecraft:stone_axe":1,"minecraft:cooked_mutton":8,"minecraft:bread":128,"minecraft:air":0,"minecraft:charcoal":3,"minecraft:iron_boots":2,"minecraft:iron_chestplate":1,"minecraft:shield":1,"minecraft:iron_axe":1,"minecraft:stick":24,"minecraft:iron_ingot":10,"minecraft:iron_pickaxe":2,"minecraft:stone_pickaxe":1,"minecraft:stone_sword":1,"minecraft:iron_shovel":1,"minecraft:iron_leggings":1,"minecraft:white_bed":1,"minecraft:acacia_planks":44,"minecraft:torch":12,"minecraft:wheat":468}},"DataVersion":2586}