{"stats":{"minecraft:used":{"minecraft:iron_shovel":228,"minecraft:oak_sign":1,"minecraft:chest":2,"minecraft:iron_sword":89,"minecraft:rotten_flesh":3,"minecraft:oak_door":2,"minecraft:torch":68,"minecraft:dirt":133,"minecraft:granite":1,"minecraft:iron_hoe":118,"minecraft:iron_axe":65,"minecraft:hay_block":2,"minecraft:oak_sapling":4,"minecraft:furnace":6,"minecraft:cooked_beef":6,"minecraft:potato":41,"minecraft:orange_terracotta":1,"minecraft:cooked_mutton":5,"minecraft:diorite":1,"minecraft:water_bucket":5,"minecraft:sandstone_stairs":13,"minecraft:stone_pickaxe":73,"minecraft:oak_planks":4,"minecraft:wooden_pickaxe":26,"minecraft:sandstone":78,"minecraft:cut_sandstone":2,"minecraft:stonecutter":1,"minecraft:sugar_cane":60,"minecraft:sand":74,"minecraft:cut_sandstone_slab":263,"minecraft:crafting_table":10,"minecraft:diamond_pickaxe":51,"minecraft:chiseled_sandstone":1,"minecraft:bread":16,"minecraft:iron_pickaxe":459,"minecraft:gravel":2,"minecraft:stone_axe":27,"minecraft:cobblestone":30,"minecraft:bucket":6,"minecraft:smooth_stone_slab":7,"minecraft:yellow_bed":1},"minecraft:dropped":{"minecraft:bread":1,"minecraft:cobblestone":64,"minecraft:diorite":6,"minecraft:wooden_axe":1,"minecraft:iron_axe":1,"minecraft:iron_shovel":1,"minecraft:white_wool":1,"minecraft:bone":2,"minecraft:stone_axe":1,"minecraft:rotten_flesh":3,"minecraft:andesite":1,"minecraft:chest":2,"minecraft:acacia_sapling":1,"minecraft:spider_eye":1,"minecraft:wooden_pickaxe":2,"minecraft:arrow":1,"minecraft:stone_pickaxe":1,"minecraft:egg":1},"minecraft:broken":{"minecraft:iron_pickaxe":1},"minecraft:picked_up":{"minecraft:wooden_axe":1,"minecraft:crafting_table":11,"minecraft:wooden_pickaxe":3,"minecraft:gold_block":1,"minecraft:enchanted_book":4,"minecraft:shield":1,"minecraft:oak_trapdoor":3,"minecraft:string":26,"minecraft:smooth_stone_slab":1,"minecraft:iron_shovel":1,"minecraft:beef":10,"minecraft:iron_pickaxe":1,"minecraft:sugar_cane":60,"minecraft:chest":2,"minecraft:furnace":6,"minecraft:egg":1,"minecraft:stick":7,"minecraft:sandstone":253,"minecraft:torch":65,"minecraft:acacia_log":12,"minecraft:diorite":8,"minecraft:carrot":6,"minecraft:stone_pressure_plate":1,"minecraft:tnt":16,"minecraft:arrow":3,"minecraft:rotten_flesh":6,"minecraft:hay_block":14,"minecraft:sandstone_stairs":4,"minecraft:gold_ingot":8,"minecraft:obsidian":1,"minecraft:mutton":2,"minecraft:cobblestone":207,"minecraft:white_wool":1,"minecraft:oxeye_daisy":3,"minecraft:cooked_beef":3,"minecraft:andesite":1,"minecraft:salmon":1,"minecraft:cut_sandstone":6,"minecraft:leather":12,"minecraft:potato":32,"minecraft:oak_log":54,"minecraft:yellow_bed":1,"minecraft:gunpowder":11,"minecraft:cut_sandstone_slab":28,"minecraft:lapis_lazuli":53,"minecraft:dirt":109,"minecraft:orange_terracotta":1,"minecraft:bone":14,"minecraft:apple":2,"minecraft:wheat_seeds":9,"minecraft:stone_pickaxe":2,"minecraft:iron_ingot":2,"minecraft:iron_ore":84,"minecraft:acacia_sapling":1,"minecraft:iron_sword":1,"minecraft:oak_planks":7,"minecraft:poisonous_potato":1,"minecraft:gravel":2,"minecraft:sand":401,"minecraft:ink_sac":3,"minecraft:gold_ore":14,"minecraft:chiseled_sandstone":5,"minecraft:spider_eye":1,"minecraft:diamond":9,"minecraft:stone_axe":2,"minecraft:granite":6,"minecraft:golden_apple":4,"minecraft:golden_horse_armor":2,"minecraft:bread":5,"minecraft:oak_sapling":5,"minecraft:coal":90},"minecraft:mined":{"minecraft:diamond_ore":9,"minecraft:cut_sandstone_slab":22,"minecraft:stone_pressure_plate":1,"minecraft:oak_sapling":1,"minecraft:obsidian":1,"minecraft:granite":4,"minecraft:acacia_log":12,"minecraft:grass_block":70,"minecraft:sandstone":248,"minecraft:sandstone_stairs":4,"minecraft:hay_block":6,"minecraft:furnace":4,"minecraft:carrots":2,"minecraft:iron_ore":54,"minecraft:chiseled_sandstone":5,"minecraft:andesite":1,"minecraft:gold_block":1,"minecraft:potatoes":4,"minecraft:stone":147,"minecraft:cut_sandstone":6,"minecraft:acacia_leaves":4,"minecraft:orange_terracotta":1,"minecraft:crafting_table":9,"minecraft:torch":44,"minecraft:dead_bush":1,"minecraft:cobblestone":4,"minecraft:tall_grass":11,"minecraft:lapis_ore":8,"minecraft:sugar_cane":44,"minecraft:oak_planks":3,"minecraft:diorite":2,"minecraft:wall_torch":5,"minecraft:tnt":9,"minecraft:yellow_bed":1,"minecraft:smooth_stone_slab":1,"minecraft:grass":57,"minecraft:oak_log":44,"minecraft:coal_ore":52,"minecraft:gravel":2,"minecraft:sand":202,"minecraft:dirt":33,"minecraft:netherrack":1,"minecraft:gold_ore":14,"minecraft:oak_leaves":1},"minecraft:killed":{"minecraft:spider":6,"minecraft:skeleton":4,"minecraft:drowned":1,"minecraft:husk":3,"minecraft:zombie":11,"minecraft:enderman":1,"minecraft:cow":3},"minecraft:custom":{"minecraft:mob_kills":29,"minecraft:interact_with_crafting_table":40,"minecraft:leave_game":5,"minecraft:time_since_death":133333,"minecraft:climb_one_cm":1870,"minecraft:sprint_one_cm":419424,"minecraft:walk_one_cm":419884,"minecraft:drop":23,"minecraft:deaths":2,"minecraft:sneak_time":5068,"minecraft:walk_under_water_one_cm":17030,"minecraft:jump":2431,"minecraft:walk_on_water_one_cm":45138,"minecraft:interact_with_furnace":58,"minecraft:play_one_minute":153164,"minecraft:interact_with_stonecutter":12,"minecraft:sleep_in_bed":6,"minecraft:time_since_rest":3650,"minecraft:damage_taken":1596,"minecraft:damage_dealt":6187,"minecraft:player_kills":2,"minecraft:swim_one_cm":20918,"minecraft:fly_one_cm":637114,"minecraft:open_chest":48,"minecraft:crouch_one_cm":12280,"minecraft:fall_one_cm":56882},"minecraft:crafted":{"minecraft:oak_door":3,"minecraft:smooth_stone":4,"minecraft:oak_planks":76,"minecraft:oak_sign":3,"minecraft:cut_sandstone_slab":1028,"minecraft:furnace":3,"minecraft:stone":7,"minecraft:cooked_mutton":11,"minecraft:iron_axe":1,"minecraft:iron_hoe":1,"minecraft:stone_pickaxe":1,"minecraft:chest":2,"minecraft:diamond_boots":1,"minecraft:wheat":36,"minecraft:cooked_beef":6,"minecraft:crafting_table":1,"minecraft:wooden_pickaxe":1,"minecraft:iron_helmet":1,"minecraft:iron_sword":1,"minecraft:bucket":1,"minecraft:stone_axe":1,"minecraft:bread":12,"minecraft:air":0,"minecraft:iron_chestplate":1,"minecraft:diamond_pickaxe":1,"minecraft:shield":1,"minecraft:stick":64,"minecraft:iron_ingot":53,"minecraft:iron_pickaxe":2,"minecraft:sandstone":16,"minecraft:iron_shovel":1,"minecraft:iron_leggings":1,"minecraft:gold_ingot":23,"minecraft:stonecutter":1,"minecraft:torch":36,"minecraft:sandstone_stairs":45}},"DataVersion":2586}