{"stats":{"minecraft:used":{"minecraft:iron_shovel":560,"minecraft:oak_sign":1,"minecraft:chest":15,"minecraft:stone":1,"minecraft:iron_sword":393,"minecraft:rotten_flesh":4,"minecraft:stone_brick_stairs":16,"minecraft:stone_bricks":103,"minecraft:bow":5,"minecraft:hay_block":2,"minecraft:furnace":26,"minecraft:oak_sapling":4,"minecraft:polished_diorite_stairs":16,"minecraft:potato":381,"minecraft:diorite":6,"minecraft:stone_pickaxe":73,"minecraft:oak_planks":4,"minecraft:polished_diorite_slab":85,"minecraft:wooden_pickaxe":26,"minecraft:sandstone":806,"minecraft:diamond_axe":97,"minecraft:sugar_cane":60,"minecraft:sand":392,"minecraft:cut_sandstone_slab":1094,"minecraft:blast_furnace":2,"minecraft:chiseled_sandstone":24,"minecraft:bread":16,"minecraft:gravel":2,"minecraft:diamond_sword":149,"minecraft:grindstone":1,"minecraft:smooth_stone_slab":15,"minecraft:bone_meal":30,"minecraft:diorite_slab":2,"minecraft:oak_fence":27,"minecraft:enchanting_table":1,"minecraft:flint_and_steel":5,"minecraft:oak_door":2,"minecraft:torch":372,"minecraft:dirt":304,"minecraft:anvil":1,"minecraft:hopper":15,"minecraft:granite":9,"minecraft:iron_hoe":263,"minecraft:stone_brick_slab":73,"minecraft:bookshelf":10,"minecraft:iron_axe":243,"minecraft:cooked_beef":6,"minecraft:orange_terracotta":1,"minecraft:wheat_seeds":128,"minecraft:cooked_mutton":11,"minecraft:water_bucket":54,"minecraft:sandstone_stairs":252,"minecraft:baked_potato":104,"minecraft:cut_sandstone":38,"minecraft:stonecutter":3,"minecraft:cobblestone_slab":15,"minecraft:crafting_table":18,"minecraft:diamond_pickaxe":2411,"minecraft:diamond_shovel":2845,"minecraft:iron_pickaxe":773,"minecraft:spruce_sapling":6,"minecraft:stone_axe":27,"minecraft:cobblestone":106,"minecraft:lapis_block":5,"minecraft:sandstone_slab":68,"minecraft:bucket":55,"minecraft:yellow_bed":1},"minecraft:mined":{"minecraft:cut_sandstone_slab":154,"minecraft:stone_pressure_plate":1,"minecraft:oak_sapling":1,"minecraft:farmland":17,"minecraft:obsidian":1,"minecraft:granite":80,"minecraft:acacia_log":12,"minecraft:grass_block":117,"minecraft:hopper":3,"minecraft:sandstone_stairs":63,"minecraft:iron_ore":184,"minecraft:fire":5,"minecraft:sandstone_slab":7,"minecraft:cut_sandstone":35,"minecraft:orange_terracotta":1,"minecraft:torch":193,"minecraft:chest":9,"minecraft:dead_bush":4,"minecraft:polished_diorite_slab":17,"minecraft:cobblestone":19,"minecraft:grindstone":1,"minecraft:sugar_cane":44,"minecraft:oak_planks":3,"minecraft:wall_torch":12,"minecraft:polished_diorite_stairs":8,"minecraft:lapis_block":5,"minecraft:wheat":43,"minecraft:tnt":9,"minecraft:stone_brick_stairs":1,"minecraft:smooth_stone_slab":1,"minecraft:grass":79,"minecraft:oak_log":56,"minecraft:sand":3270,"minecraft:dirt":243,"minecraft:stonecutter":1,"minecraft:netherrack":1,"minecraft:oak_leaves":9,"minecraft:diamond_ore":61,"minecraft:mossy_cobblestone":18,"minecraft:sandstone":985,"minecraft:hay_block":6,"minecraft:diorite_slab":3,"minecraft:redstone_ore":39,"minecraft:furnace":4,"minecraft:carrots":2,"minecraft:chiseled_sandstone":16,"minecraft:andesite":23,"minecraft:gold_block":1,"minecraft:bookshelf":1,"minecraft:potatoes":227,"minecraft:cobblestone_slab":6,"minecraft:stone":1153,"minecraft:acacia_leaves":4,"minecraft:stone_brick_slab":14,"minecraft:oak_fence":3,"minecraft:crafting_table":10,"minecraft:tall_grass":12,"minecraft:lapis_ore":22,"minecraft:diorite":105,"minecraft:cactus":1,"minecraft:spruce_log":202,"minecraft:yellow_bed":1,"minecraft:coal_ore":187,"minecraft:gravel":7,"minecraft:stone_bricks":3,"minecraft:gold_ore":34},"minecraft:dropped":{"minecraft:lapis_lazuli":129,"minecraft:diamond_axe":1,"minecraft:baked_potato":21,"minecraft:emerald":1,"minecraft:dirt":20,"minecraft:iron_pickaxe":1,"minecraft:white_wool":1,"minecraft:diorite_slab":3,"minecraft:bone":6,"minecraft:stone_axe":3,"minecraft:rotten_flesh":27,"minecraft:oak_planks":2,"minecraft:tipped_arrow":292,"minecraft:chainmail_boots":11,"minecraft:chest":5,"minecraft:acacia_sapling":1,"minecraft:arrow":1,"minecraft:egg":1,"minecraft:water_bucket":1,"minecraft:bread":1,"minecraft:wheat_seeds":3,"minecraft:poisonous_potato":6,"minecraft:iron_helmet":3,"minecraft:feather":1,"minecraft:cobblestone":75,"minecraft:granite":12,"minecraft:stick":8,"minecraft:diorite":34,"minecraft:wooden_axe":1,"minecraft:iron_leggings":1,"minecraft:iron_axe":1,"minecraft:iron_shovel":1,"minecraft:string":4,"minecraft:stone_shovel":6,"minecraft:chicken":1,"minecraft:iron_boots":1,"minecraft:iron_hoe":1,"minecraft:stone":1,"minecraft:iron_chestplate":1,"minecraft:andesite":1,"minecraft:spider_eye":4,"minecraft:bow":28,"minecraft:stone_pickaxe":1,"minecraft:wooden_pickaxe":2},"minecraft:custom":{"minecraft:animals_bred":19,"minecraft:interact_with_crafting_table":98,"minecraft:leave_game":17,"minecraft:time_since_death":371859,"minecraft:sprint_one_cm":1681661,"minecraft:drop":145,"minecraft:talked_to_villager":58,"minecraft:deaths":3,"minecraft:jump":8756,"minecraft:walk_on_water_one_cm":149778,"minecraft:enchant_item":8,"minecraft:interact_with_furnace":157,"minecraft:traded_with_villager":69,"minecraft:play_one_minute":618713,"minecraft:sleep_in_bed":18,"minecraft:damage_dealt":32357,"minecraft:player_kills":2,"minecraft:crouch_one_cm":118661,"minecraft:mob_kills":180,"minecraft:interact_with_anvil":2,"minecraft:climb_one_cm":11156,"minecraft:walk_one_cm":2205017,"minecraft:sneak_time":35299,"minecraft:walk_under_water_one_cm":42623,"minecraft:interact_with_blast_furnace":10,"minecraft:interact_with_grindstone":6,"minecraft:interact_with_stonecutter":52,"minecraft:time_since_rest":3764,"minecraft:damage_taken":5555,"minecraft:swim_one_cm":57463,"minecraft:fly_one_cm":1977812,"minecraft:open_chest":281,"minecraft:fall_one_cm":194555},"minecraft:crafted":{"minecraft:smooth_stone":72,"minecraft:oak_planks":256,"minecraft:cobblestone_slab":126,"minecraft:oak_sign":3,"minecraft:cut_sandstone":116,"minecraft:cut_sandstone_slab":1034,"minecraft:stone":234,"minecraft:diamond_shovel":2,"minecraft:bookshelf":8,"minecraft:cooked_mutton":11,"minecraft:hopper":3,"minecraft:stone_brick_slab":306,"minecraft:diamond_helmet":1,"minecraft:diamond_leggings":1,"minecraft:chest":14,"minecraft:stone_bricks":64,"minecraft:oak_fence":36,"minecraft:emerald":66,"minecraft:crafting_table":8,"minecraft:spruce_planks":1064,"minecraft:baked_potato":361,"minecraft:wooden_pickaxe":1,"minecraft:iron_helmet":2,"minecraft:stone_brick_stairs":106,"minecraft:iron_chestplate":1,"minecraft:book":16,"minecraft:diamond_pickaxe":2,"minecraft:shield":1,"minecraft:stick":2212,"minecraft:iron_pickaxe":3,"minecraft:iron_ingot":259,"minecraft:iron_block":20,"minecraft:gold_ingot":23,"minecraft:sandstone":809,"minecraft:polished_diorite_stairs":45,"minecraft:sandstone_stairs":317,"minecraft:oak_door":3,"minecraft:coal":198,"minecraft:furnace":51,"minecraft:blast_furnace":2,"minecraft:bone_meal":30,"minecraft:flint_and_steel":1,"minecraft:iron_axe":3,"minecraft:iron_hoe":2,"minecraft:stone_pickaxe":1,"minecraft:diamond_boots":1,"minecraft:redstone_block":21,"minecraft:wheat":36,"minecraft:cooked_beef":6,"minecraft:coal_block":22,"minecraft:diamond_sword":1,"minecraft:enchanting_table":1,"minecraft:iron_sword":2,"minecraft:cooked_salmon":1,"minecraft:sandstone_slab":48,"minecraft:bucket":1,"minecraft:stone_axe":1,"minecraft:enchanted_book":1,"minecraft:bread":12,"minecraft:air":0,"minecraft:iron_shovel":3,"minecraft:iron_leggings":1,"minecraft:stonecutter":2,"minecraft:anvil":1,"minecraft:acacia_planks":36,"minecraft:torch":200,"minecraft:lapis_block":18,"minecraft:diamond_chestplate":1},"minecraft:broken":{"minecraft:iron_shovel":2,"minecraft:diamond_shovel":1,"minecraft:iron_sword":1,"minecraft:iron_pickaxe":2},"minecraft:killed":{"minecraft:witch":2,"minecraft:spider":71,"minecraft:skeleton":19,"minecraft:chicken":1,"minecraft:pig":1,"minecraft:salmon":1,"minecraft:creeper":6,"minecraft:sheep":3,"minecraft:zombie":30,"minecraft:cow":10,"minecraft:drowned":2,"minecraft:husk":30,"minecraft:squid":1,"minecraft:enderman":3},"minecraft:picked_up":{"minecraft:wooden_axe":1,"minecraft:iron_chestplate":1,"minecraft:wheat":42,"minecraft:chainmail_boots":11,"minecraft:lead":5,"minecraft:enchanted_book":4,"minecraft:stone_brick_stairs":1,"minecraft:lapis_block":5,"minecraft:string":40,"minecraft:cooked_salmon":1,"minecraft:smooth_stone_slab":1,"minecraft:iron_leggings":1,"minecraft:oak_sign":2,"minecraft:smooth_stone":33,"minecraft:spruce_planks":4,"minecraft:cobblestone_slab":9,"minecraft:iron_pickaxe":3,"minecraft:furnace":6,"minecraft:iron_boots":2,"minecraft:tipped_arrow":278,"minecraft:stick":21,"minecraft:oak_fence":1,"minecraft:torch":287,"minecraft:acacia_log":12,"minecraft:porkchop":1,"minecraft:diorite":117,"minecraft:cactus":12,"minecraft:rotten_flesh":48,"minecraft:obsidian":1,"minecraft:cobblestone":1088,"minecraft:cooked_beef":3,"minecraft:polished_diorite_slab":17,"minecraft:feather":1,"minecraft:water_bucket":1,"minecraft:andesite":22,"minecraft:potato":850,"minecraft:flint":16,"minecraft:cut_sandstone_slab":260,"minecraft:lapis_lazuli":240,"minecraft:dirt":401,"minecraft:bone":39,"minecraft:acacia_planks":2,"minecraft:stonecutter":1,"minecraft:bow":30,"minecraft:wheat_seeds":132,"minecraft:grindstone":1,"minecraft:oak_planks":7,"minecraft:poisonous_potato":9,"minecraft:sand":3752,"minecraft:ink_sac":20,"minecraft:mossy_cobblestone":15,"minecraft:chiseled_sandstone":44,"minecraft:iron_hoe":1,"minecraft:diamond":109,"minecraft:granite":97,"minecraft:golden_apple":4,"minecraft:bread":5,"minecraft:golden_horse_armor":2,"minecraft:emerald":6,"minecraft:oak_sapling":6,"minecraft:diamond_pickaxe":1,"minecraft:crafting_table":12,"minecraft:sandstone_slab":8,"minecraft:chicken":1,"minecraft:wooden_pickaxe":3,"minecraft:diorite_slab":6,"minecraft:gold_block":1,"minecraft:shield":2,"minecraft:oak_trapdoor":3,"minecraft:iron_axe":1,"minecraft:iron_shovel":2,"minecraft:beef":27,"minecraft:chest":11,"minecraft:sugar_cane":60,"minecraft:egg":1,"minecraft:sandstone":986,"minecraft:carrot":12,"minecraft:redstone":230,"minecraft:stone_pressure_plate":1,"minecraft:tnt":16,"minecraft:arrow":34,"minecraft:stone_shovel":6,"minecraft:diamond_boots":1,"minecraft:hay_block":14,"minecraft:sandstone_stairs":48,"minecraft:gold_ingot":8,"minecraft:mutton":7,"minecraft:white_wool":12,"minecraft:oxeye_daisy":3,"minecraft:salmon":2,"minecraft:cut_sandstone":35,"minecraft:leather":22,"minecraft:oak_log":66,"minecraft:yellow_bed":1,"minecraft:gunpowder":20,"minecraft:orange_terracotta":1,"minecraft:apple":2,"minecraft:stone_bricks":3,"minecraft:stone_pickaxe":2,"minecraft:iron_ingot":2,"minecraft:iron_ore":215,"minecraft:acacia_sapling":1,"minecraft:iron_sword":2,"minecraft:book":14,"minecraft:stone_brick_slab":13,"minecraft:gravel":7,"minecraft:spruce_sapling":7,"minecraft:spruce_log":266,"minecraft:gold_ore":34,"minecraft:spider_eye":9,"minecraft:polished_diorite_stairs":8,"minecraft:stone_axe":4,"minecraft:chainmail_leggings":1,"minecraft:iron_helmet":3,"minecraft:diamond_axe":1,"minecraft:baked_potato":8,"minecraft:coal":336,"minecraft:hopper":10,"minecraft:ender_pearl":1}},"DataVersion":2586}