{"stats":{"minecraft:used":{"minecraft:iron_shovel":560,"minecraft:oak_sign":1,"minecraft:chest":15,"minecraft:stone":1,"minecraft:iron_sword":393,"minecraft:rotten_flesh":4,"minecraft:stone_brick_stairs":16,"minecraft:stone_bricks":103,"minecraft:bow":5,"minecraft:hay_block":2,"minecraft:furnace":26,"minecraft:oak_sapling":4,"minecraft:polished_diorite_stairs":16,"minecraft:potato":338,"minecraft:diorite":6,"minecraft:stone_pickaxe":73,"minecraft:oak_planks":4,"minecraft:polished_diorite_slab":85,"minecraft:wooden_pickaxe":26,"minecraft:sandstone":617,"minecraft:diamond_axe":97,"minecraft:sugar_cane":60,"minecraft:sand":166,"minecraft:cut_sandstone_slab":1059,"minecraft:blast_furnace":2,"minecraft:chiseled_sandstone":24,"minecraft:bread":16,"minecraft:gravel":2,"minecraft:diamond_sword":110,"minecraft:grindstone":1,"minecraft:smooth_stone_slab":15,"minecraft:bone_meal":30,"minecraft:diorite_slab":2,"minecraft:oak_fence":16,"minecraft:enchanting_table":1,"minecraft:oak_door":2,"minecraft:torch":352,"minecraft:dirt":298,"minecraft:anvil":1,"minecraft:hopper":15,"minecraft:granite":9,"minecraft:iron_hoe":240,"minecraft:stone_brick_slab":73,"minecraft:bookshelf":10,"minecraft:iron_axe":235,"minecraft:cooked_beef":6,"minecraft:orange_terracotta":1,"minecraft:wheat_seeds":89,"minecraft:cooked_mutton":11,"minecraft:water_bucket":40,"minecraft:sandstone_stairs":106,"minecraft:baked_potato":86,"minecraft:cut_sandstone":38,"minecraft:stonecutter":3,"minecraft:cobblestone_slab":15,"minecraft:crafting_table":18,"minecraft:diamond_pickaxe":2155,"minecraft:diamond_shovel":1779,"minecraft:iron_pickaxe":773,"minecraft:spruce_sapling":6,"minecraft:stone_axe":27,"minecraft:cobblestone":106,"minecraft:sandstone_slab":51,"minecraft:bucket":41,"minecraft:yellow_bed":1},"minecraft:mined":{"minecraft:cut_sandstone_slab":149,"minecraft:stone_pressure_plate":1,"minecraft:oak_sapling":1,"minecraft:farmland":12,"minecraft:obsidian":1,"minecraft:granite":75,"minecraft:acacia_log":12,"minecraft:grass_block":117,"minecraft:hopper":3,"minecraft:sandstone_stairs":32,"minecraft:iron_ore":184,"minecraft:sandstone_slab":1,"minecraft:cut_sandstone":35,"minecraft:orange_terracotta":1,"minecraft:torch":192,"minecraft:chest":9,"minecraft:dead_bush":4,"minecraft:polished_diorite_slab":17,"minecraft:cobblestone":19,"minecraft:grindstone":1,"minecraft:sugar_cane":44,"minecraft:oak_planks":3,"minecraft:wall_torch":12,"minecraft:polished_diorite_stairs":8,"minecraft:wheat":29,"minecraft:tnt":9,"minecraft:stone_brick_stairs":1,"minecraft:smooth_stone_slab":1,"minecraft:grass":79,"minecraft:oak_log":56,"minecraft:sand":2207,"minecraft:dirt":242,"minecraft:stonecutter":1,"minecraft:netherrack":1,"minecraft:oak_leaves":9,"minecraft:diamond_ore":61,"minecraft:mossy_cobblestone":18,"minecraft:sandstone":786,"minecraft:hay_block":6,"minecraft:diorite_slab":3,"minecraft:redstone_ore":39,"minecraft:furnace":4,"minecraft:carrots":2,"minecraft:chiseled_sandstone":16,"minecraft:andesite":23,"minecraft:gold_block":1,"minecraft:bookshelf":1,"minecraft:potatoes":184,"minecraft:cobblestone_slab":6,"minecraft:stone":1148,"minecraft:acacia_leaves":4,"minecraft:stone_brick_slab":14,"minecraft:crafting_table":10,"minecraft:tall_grass":12,"minecraft:lapis_ore":22,"minecraft:diorite":105,"minecraft:cactus":1,"minecraft:spruce_log":202,"minecraft:yellow_bed":1,"minecraft:coal_ore":187,"minecraft:gravel":7,"minecraft:stone_bricks":3,"minecraft:gold_ore":34},"minecraft:dropped":{"minecraft:diamond_axe":1,"minecraft:baked_potato":21,"minecraft:emerald":1,"minecraft:white_wool":1,"minecraft:diorite_slab":3,"minecraft:bone":3,"minecraft:stone_axe":3,"minecraft:rotten_flesh":3,"minecraft:oak_planks":2,"minecraft:chest":5,"minecraft:chainmail_boots":11,"minecraft:acacia_sapling":1,"minecraft:arrow":1,"minecraft:egg":1,"minecraft:water_bucket":1,"minecraft:bread":1,"minecraft:wheat_seeds":3,"minecraft:poisonous_potato":1,"minecraft:feather":1,"minecraft:cobblestone":75,"minecraft:granite":2,"minecraft:diorite":34,"minecraft:wooden_axe":1,"minecraft:iron_axe":1,"minecraft:iron_shovel":1,"minecraft:string":1,"minecraft:stone_shovel":5,"minecraft:chicken":1,"minecraft:stone":1,"minecraft:andesite":1,"minecraft:spider_eye":1,"minecraft:bow":28,"minecraft:stone_pickaxe":1,"minecraft:wooden_pickaxe":2},"minecraft:custom":{"minecraft:animals_bred":7,"minecraft:interact_with_crafting_table":93,"minecraft:leave_game":16,"minecraft:time_since_death":302724,"minecraft:sprint_one_cm":1510765,"minecraft:drop":111,"minecraft:talked_to_villager":58,"minecraft:deaths":3,"minecraft:jump":7922,"minecraft:walk_on_water_one_cm":136617,"minecraft:enchant_item":8,"minecraft:interact_with_furnace":147,"minecraft:traded_with_villager":69,"minecraft:play_one_minute":549578,"minecraft:sleep_in_bed":14,"minecraft:damage_dealt":29313,"minecraft:player_kills":2,"minecraft:crouch_one_cm":85197,"minecraft:mob_kills":165,"minecraft:interact_with_anvil":2,"minecraft:climb_one_cm":10482,"minecraft:walk_one_cm":1947703,"minecraft:sneak_time":26306,"minecraft:walk_under_water_one_cm":34715,"minecraft:interact_with_blast_furnace":5,"minecraft:interact_with_grindstone":6,"minecraft:interact_with_stonecutter":49,"minecraft:time_since_rest":94318,"minecraft:damage_taken":5063,"minecraft:swim_one_cm":54927,"minecraft:fly_one_cm":1713593,"minecraft:open_chest":254,"minecraft:fall_one_cm":178548},"minecraft:crafted":{"minecraft:smooth_stone":54,"minecraft:oak_planks":256,"minecraft:cobblestone_slab":126,"minecraft:oak_sign":3,"minecraft:cut_sandstone":116,"minecraft:cut_sandstone_slab":1034,"minecraft:stone":234,"minecraft:diamond_shovel":2,"minecraft:bookshelf":8,"minecraft:cooked_mutton":11,"minecraft:hopper":3,"minecraft:stone_brick_slab":306,"minecraft:diamond_helmet":1,"minecraft:diamond_leggings":1,"minecraft:chest":14,"minecraft:stone_bricks":64,"minecraft:oak_fence":36,"minecraft:emerald":66,"minecraft:crafting_table":8,"minecraft:spruce_planks":1064,"minecraft:baked_potato":233,"minecraft:wooden_pickaxe":1,"minecraft:iron_helmet":2,"minecraft:stone_brick_stairs":106,"minecraft:iron_chestplate":1,"minecraft:book":16,"minecraft:diamond_pickaxe":2,"minecraft:shield":1,"minecraft:stick":2212,"minecraft:iron_pickaxe":3,"minecraft:iron_ingot":259,"minecraft:iron_block":20,"minecraft:gold_ingot":23,"minecraft:sandstone":592,"minecraft:polished_diorite_stairs":45,"minecraft:sandstone_stairs":317,"minecraft:oak_door":3,"minecraft:coal":198,"minecraft:furnace":51,"minecraft:blast_furnace":2,"minecraft:bone_meal":30,"minecraft:iron_axe":3,"minecraft:iron_hoe":1,"minecraft:stone_pickaxe":1,"minecraft:diamond_boots":1,"minecraft:redstone_block":21,"minecraft:wheat":36,"minecraft:cooked_beef":6,"minecraft:coal_block":22,"minecraft:diamond_sword":1,"minecraft:enchanting_table":1,"minecraft:iron_sword":2,"minecraft:cooked_salmon":1,"minecraft:sandstone_slab":48,"minecraft:bucket":1,"minecraft:stone_axe":1,"minecraft:enchanted_book":1,"minecraft:bread":12,"minecraft:air":0,"minecraft:iron_shovel":3,"minecraft:iron_leggings":1,"minecraft:stonecutter":2,"minecraft:anvil":1,"minecraft:acacia_planks":36,"minecraft:torch":200,"minecraft:lapis_block":18,"minecraft:diamond_chestplate":1},"minecraft:broken":{"minecraft:iron_shovel":2,"minecraft:diamond_shovel":1,"minecraft:iron_sword":1,"minecraft:iron_pickaxe":2},"minecraft:killed":{"minecraft:witch":2,"minecraft:spider":69,"minecraft:skeleton":18,"minecraft:chicken":1,"minecraft:pig":1,"minecraft:creeper":3,"minecraft:sheep":3,"minecraft:zombie":29,"minecraft:cow":10,"minecraft:drowned":2,"minecraft:husk":23,"minecraft:squid":1,"minecraft:enderman":3},"minecraft:picked_up":{"minecraft:wooden_axe":1,"minecraft:iron_chestplate":1,"minecraft:wheat":28,"minecraft:chainmail_boots":11,"minecraft:lead":5,"minecraft:enchanted_book":4,"minecraft:stone_brick_stairs":1,"minecraft:string":38,"minecraft:cooked_salmon":1,"minecraft:smooth_stone_slab":1,"minecraft:iron_leggings":1,"minecraft:oak_sign":2,"minecraft:smooth_stone":33,"minecraft:spruce_planks":4,"minecraft:cobblestone_slab":9,"minecraft:iron_pickaxe":2,"minecraft:iron_boots":2,"minecraft:furnace":6,"minecraft:tipped_arrow":224,"minecraft:stick":18,"minecraft:torch":286,"minecraft:acacia_log":12,"minecraft:porkchop":1,"minecraft:diorite":117,"minecraft:cactus":9,"minecraft:rotten_flesh":39,"minecraft:obsidian":1,"minecraft:cobblestone":1083,"minecraft:cooked_beef":3,"minecraft:polished_diorite_slab":17,"minecraft:feather":1,"minecraft:water_bucket":1,"minecraft:andesite":22,"minecraft:potato":690,"minecraft:flint":16,"minecraft:cut_sandstone_slab":256,"minecraft:dirt":385,"minecraft:lapis_lazuli":240,"minecraft:bone":35,"minecraft:acacia_planks":2,"minecraft:stonecutter":1,"minecraft:bow":30,"minecraft:wheat_seeds":92,"minecraft:grindstone":1,"minecraft:oak_planks":7,"minecraft:poisonous_potato":8,"minecraft:sand":2684,"minecraft:ink_sac":18,"minecraft:mossy_cobblestone":15,"minecraft:chiseled_sandstone":44,"minecraft:iron_hoe":1,"minecraft:diamond":109,"minecraft:granite":87,"minecraft:golden_apple":4,"minecraft:bread":5,"minecraft:golden_horse_armor":2,"minecraft:emerald":6,"minecraft:oak_sapling":6,"minecraft:diamond_pickaxe":1,"minecraft:crafting_table":12,"minecraft:sandstone_slab":1,"minecraft:chicken":1,"minecraft:wooden_pickaxe":3,"minecraft:diorite_slab":6,"minecraft:gold_block":1,"minecraft:shield":2,"minecraft:oak_trapdoor":3,"minecraft:iron_axe":1,"minecraft:iron_shovel":2,"minecraft:beef":27,"minecraft:chest":11,"minecraft:sugar_cane":60,"minecraft:egg":1,"minecraft:sandstone":809,"minecraft:carrot":12,"minecraft:redstone":230,"minecraft:stone_pressure_plate":1,"minecraft:tnt":16,"minecraft:arrow":33,"minecraft:stone_shovel":6,"minecraft:diamond_boots":1,"minecraft:hay_block":14,"minecraft:sandstone_stairs":30,"minecraft:gold_ingot":8,"minecraft:mutton":7,"minecraft:white_wool":12,"minecraft:oxeye_daisy":3,"minecraft:salmon":1,"minecraft:cut_sandstone":35,"minecraft:leather":22,"minecraft:oak_log":66,"minecraft:yellow_bed":1,"minecraft:gunpowder":19,"minecraft:orange_terracotta":1,"minecraft:apple":2,"minecraft:stone_bricks":3,"minecraft:stone_pickaxe":2,"minecraft:iron_ingot":2,"minecraft:iron_ore":215,"minecraft:acacia_sapling":1,"minecraft:iron_sword":2,"minecraft:book":14,"minecraft:stone_brick_slab":13,"minecraft:gravel":7,"minecraft:spruce_sapling":7,"minecraft:spruce_log":266,"minecraft:gold_ore":34,"minecraft:spider_eye":6,"minecraft:polished_diorite_stairs":8,"minecraft:stone_axe":4,"minecraft:chainmail_leggings":1,"minecraft:iron_helmet":2,"minecraft:diamond_axe":1,"minecraft:baked_potato":8,"minecraft:coal":336,"minecraft:hopper":10,"minecraft:ender_pearl":1}},"DataVersion":2586}