{"stats":{"minecraft:used":{"minecraft:iron_shovel":24,"minecraft:oak_sign":1,"minecraft:chest":2,"minecraft:iron_sword":78,"minecraft:rotten_flesh":1,"minecraft:torch":50,"minecraft:dirt":3,"minecraft:granite":1,"minecraft:iron_axe":65,"minecraft:hay_block":2,"minecraft:furnace":6,"minecraft:cooked_beef":4,"minecraft:orange_terracotta":1,"minecraft:diorite":1,"minecraft:water_bucket":5,"minecraft:sandstone_stairs":13,"minecraft:stone_pickaxe":73,"minecraft:oak_planks":4,"minecraft:wooden_pickaxe":26,"minecraft:sandstone":72,"minecraft:cut_sandstone":2,"minecraft:stonecutter":1,"minecraft:sugar_cane":40,"minecraft:sand":72,"minecraft:cut_sandstone_slab":106,"minecraft:crafting_table":10,"minecraft:diamond_pickaxe":47,"minecraft:bread":16,"minecraft:iron_pickaxe":431,"minecraft:gravel":2,"minecraft:stone_axe":27,"minecraft:cobblestone":30,"minecraft:bucket":5,"minecraft:yellow_bed":1},"minecraft:mined":{"minecraft:diamond_ore":9,"minecraft:cut_sandstone_slab":7,"minecraft:stone_pressure_plate":1,"minecraft:obsidian":1,"minecraft:granite":4,"minecraft:acacia_log":12,"minecraft:sandstone":234,"minecraft:sandstone_stairs":4,"minecraft:hay_block":6,"minecraft:furnace":4,"minecraft:carrots":2,"minecraft:iron_ore":54,"minecraft:chiseled_sandstone":4,"minecraft:andesite":1,"minecraft:gold_block":1,"minecraft:stone":147,"minecraft:cut_sandstone":6,"minecraft:acacia_leaves":4,"minecraft:orange_terracotta":1,"minecraft:crafting_table":9,"minecraft:torch":38,"minecraft:cobblestone":4,"minecraft:tall_grass":8,"minecraft:lapis_ore":8,"minecraft:sugar_cane":39,"minecraft:oak_planks":3,"minecraft:diorite":2,"minecraft:wall_torch":4,"minecraft:tnt":9,"minecraft:yellow_bed":1,"minecraft:grass":54,"minecraft:oak_log":44,"minecraft:coal_ore":52,"minecraft:gravel":2,"minecraft:sand":90,"minecraft:dirt":1,"minecraft:netherrack":1,"minecraft:gold_ore":14,"minecraft:oak_leaves":1},"minecraft:dropped":{"minecraft:bread":1,"minecraft:cobblestone":64,"minecraft:diorite":6,"minecraft:wooden_axe":1,"minecraft:iron_axe":1,"minecraft:iron_shovel":1,"minecraft:white_wool":1,"minecraft:bone":1,"minecraft:stone_axe":1,"minecraft:rotten_flesh":3,"minecraft:andesite":1,"minecraft:chest":2,"minecraft:acacia_sapling":1,"minecraft:spider_eye":1,"minecraft:wooden_pickaxe":2,"minecraft:arrow":1,"minecraft:stone_pickaxe":1,"minecraft:egg":1},"minecraft:custom":{"minecraft:mob_kills":25,"minecraft:interact_with_crafting_table":33,"minecraft:leave_game":2,"minecraft:time_since_death":88867,"minecraft:climb_one_cm":1870,"minecraft:sprint_one_cm":258556,"minecraft:walk_one_cm":236016,"minecraft:drop":22,"minecraft:deaths":2,"minecraft:sneak_time":4597,"minecraft:walk_under_water_one_cm":15975,"minecraft:jump":1681,"minecraft:walk_on_water_one_cm":35666,"minecraft:interact_with_furnace":47,"minecraft:play_one_minute":108698,"minecraft:interact_with_stonecutter":4,"minecraft:sleep_in_bed":4,"minecraft:time_since_rest":22496,"minecraft:damage_taken":1359,"minecraft:damage_dealt":5521,"minecraft:swim_one_cm":20186,"minecraft:fly_one_cm":447603,"minecraft:player_kills":2,"minecraft:open_chest":17,"minecraft:crouch_one_cm":9711,"minecraft:fall_one_cm":39023},"minecraft:crafted":{"minecraft:oak_planks":68,"minecraft:oak_sign":3,"minecraft:furnace":3,"minecraft:stone":6,"minecraft:iron_axe":1,"minecraft:stone_pickaxe":1,"minecraft:chest":2,"minecraft:diamond_boots":1,"minecraft:wheat":36,"minecraft:cooked_beef":4,"minecraft:crafting_table":1,"minecraft:wooden_pickaxe":1,"minecraft:iron_helmet":1,"minecraft:iron_sword":1,"minecraft:bucket":1,"minecraft:stone_axe":1,"minecraft:bread":12,"minecraft:air":0,"minecraft:iron_chestplate":1,"minecraft:diamond_pickaxe":1,"minecraft:shield":1,"minecraft:iron_pickaxe":2,"minecraft:iron_ingot":53,"minecraft:stick":20,"minecraft:sandstone":16,"minecraft:iron_leggings":1,"minecraft:iron_shovel":1,"minecraft:gold_ingot":23,"minecraft:stonecutter":1,"minecraft:torch":12,"minecraft:sandstone_stairs":45},"minecraft:broken":{"minecraft:iron_pickaxe":1},"minecraft:killed":{"minecraft:spider":5,"minecraft:skeleton":2,"minecraft:drowned":1,"minecraft:husk":3,"minecraft:zombie":10,"minecraft:enderman":1,"minecraft:cow":3},"minecraft:picked_up":{"minecraft:wooden_axe":1,"minecraft:crafting_table":11,"minecraft:wooden_pickaxe":3,"minecraft:gold_block":1,"minecraft:enchanted_book":4,"minecraft:shield":1,"minecraft:oak_trapdoor":3,"minecraft:string":24,"minecraft:iron_shovel":1,"minecraft:beef":10,"minecraft:iron_pickaxe":1,"minecraft:sugar_cane":51,"minecraft:chest":2,"minecraft:egg":1,"minecraft:furnace":6,"minecraft:stick":5,"minecraft:sandstone":235,"minecraft:torch":57,"minecraft:acacia_log":12,"minecraft:diorite":8,"minecraft:carrot":6,"minecraft:stone_pressure_plate":1,"minecraft:tnt":16,"minecraft:arrow":3,"minecraft:rotten_flesh":6,"minecraft:hay_block":14,"minecraft:sandstone_stairs":4,"minecraft:gold_ingot":8,"minecraft:obsidian":1,"minecraft:mutton":2,"minecraft:cobblestone":207,"minecraft:white_wool":1,"minecraft:cooked_beef":3,"minecraft:andesite":1,"minecraft:cut_sandstone":6,"minecraft:leather":12,"minecraft:oak_log":53,"minecraft:yellow_bed":1,"minecraft:gunpowder":11,"minecraft:cut_sandstone_slab":8,"minecraft:lapis_lazuli":53,"minecraft:dirt":3,"minecraft:orange_terracotta":1,"minecraft:bone":13,"minecraft:apple":2,"minecraft:wheat_seeds":9,"minecraft:stone_pickaxe":2,"minecraft:iron_ingot":2,"minecraft:iron_ore":84,"minecraft:acacia_sapling":1,"minecraft:iron_sword":1,"minecraft:oak_planks":7,"minecraft:gravel":2,"minecraft:sand":265,"minecraft:gold_ore":14,"minecraft:chiseled_sandstone":4,"minecraft:spider_eye":1,"minecraft:diamond":9,"minecraft:stone_axe":2,"minecraft:granite":6,"minecraft:golden_apple":4,"minecraft:golden_horse_armor":2,"minecraft:bread":5,"minecraft:oak_sapling":4,"minecraft:coal":90}},"DataVersion":2586}