{"stats":{"minecraft:used":{"minecraft:diorite":1,"minecraft:stone_pickaxe":73,"minecraft:oak_planks":3,"minecraft:wooden_pickaxe":26,"minecraft:sandstone":8,"minecraft:iron_sword":1,"minecraft:cut_sandstone":2,"minecraft:rotten_flesh":1,"minecraft:sand":3,"minecraft:crafting_table":4,"minecraft:iron_pickaxe":12,"minecraft:stone_axe":9,"minecraft:cobblestone":9,"minecraft:hay_block":2,"minecraft:furnace":2,"minecraft:cooked_beef":1,"minecraft:orange_terracotta":1},"minecraft:dropped":{"minecraft:wooden_pickaxe":1},"minecraft:picked_up":{"minecraft:crafting_table":6,"minecraft:cooked_beef":3,"minecraft:cut_sandstone":2,"minecraft:leather":9,"minecraft:wooden_pickaxe":3,"minecraft:enchanted_book":4,"minecraft:oak_log":8,"minecraft:shield":1,"minecraft:gunpowder":11,"minecraft:dirt":3,"minecraft:string":19,"minecraft:orange_terracotta":1,"minecraft:bone":12,"minecraft:iron_ingot":2,"minecraft:beef":8,"minecraft:stone_pickaxe":2,"minecraft:iron_ore":18,"minecraft:iron_pickaxe":1,"minecraft:iron_sword":1,"minecraft:oak_planks":4,"minecraft:furnace":4,"minecraft:stick":2,"minecraft:sandstone":8,"minecraft:torch":12,"minecraft:sand":2,"minecraft:diorite":2,"minecraft:stone_pressure_plate":1,"minecraft:tnt":16,"minecraft:arrow":2,"minecraft:rotten_flesh":1,"minecraft:stone_axe":2,"minecraft:hay_block":14,"minecraft:golden_apple":4,"minecraft:gold_ingot":8,"minecraft:golden_horse_armor":2,"minecraft:coal":57,"minecraft:cobblestone":53},"minecraft:mined":{"minecraft:cut_sandstone":2,"minecraft:stone_pressure_plate":1,"minecraft:orange_terracotta":1,"minecraft:crafting_table":4,"minecraft:tall_grass":1,"minecraft:diorite":1,"minecraft:sandstone":8,"minecraft:hay_block":6,"minecraft:furnace":2,"minecraft:iron_ore":9,"minecraft:tnt":9,"minecraft:grass":3,"minecraft:oak_log":6,"minecraft:coal_ore":32,"minecraft:sand":3,"minecraft:stone":46},"minecraft:killed":{"minecraft:husk":1,"minecraft:skeleton":1,"minecraft:cow":2},"minecraft:custom":{"minecraft:interact_with_furnace":9,"minecraft:mob_kills":4,"minecraft:interact_with_crafting_table":9,"minecraft:play_one_minute":21193,"minecraft:leave_game":1,"minecraft:time_since_death":1362,"minecraft:time_since_rest":1549,"minecraft:sprint_one_cm":37687,"minecraft:damage_taken":320,"minecraft:walk_one_cm":29699,"minecraft:drop":1,"minecraft:damage_dealt":715,"minecraft:swim_one_cm":9202,"minecraft:fly_one_cm":94049,"minecraft:open_chest":5,"minecraft:crouch_one_cm":2895,"minecraft:deaths":2,"minecraft:sneak_time":1490,"minecraft:walk_under_water_one_cm":1221,"minecraft:jump":305,"minecraft:walk_on_water_one_cm":6394,"minecraft:fall_one_cm":9122},"minecraft:crafted":{"minecraft:cooked_beef":4,"minecraft:oak_planks":24,"minecraft:crafting_table":1,"minecraft:wooden_pickaxe":1,"minecraft:iron_sword":1,"minecraft:furnace":3,"minecraft:stone_axe":1,"minecraft:air":0,"minecraft:shield":1,"minecraft:stick":12,"minecraft:iron_ingot":7,"minecraft:stone_pickaxe":1,"minecraft:iron_pickaxe":1,"minecraft:torch":12}},"DataVersion":2586}