{"stats":{"minecraft:used":{"minecraft:enchanting_table":1,"minecraft:iron_shovel":560,"minecraft:oak_sign":1,"minecraft:chest":5,"minecraft:iron_sword":184,"minecraft:rotten_flesh":4,"minecraft:oak_door":2,"minecraft:torch":291,"minecraft:dirt":145,"minecraft:granite":9,"minecraft:iron_hoe":142,"minecraft:bookshelf":7,"minecraft:iron_axe":206,"minecraft:bow":2,"minecraft:hay_block":2,"minecraft:oak_sapling":4,"minecraft:furnace":6,"minecraft:cooked_beef":6,"minecraft:potato":237,"minecraft:orange_terracotta":1,"minecraft:cooked_mutton":11,"minecraft:diorite":1,"minecraft:water_bucket":15,"minecraft:sandstone_stairs":32,"minecraft:stone_pickaxe":73,"minecraft:baked_potato":27,"minecraft:oak_planks":4,"minecraft:sandstone":219,"minecraft:cut_sandstone":5,"minecraft:wooden_pickaxe":26,"minecraft:stonecutter":1,"minecraft:sugar_cane":60,"minecraft:sand":80,"minecraft:cut_sandstone_slab":811,"minecraft:crafting_table":10,"minecraft:diamond_pickaxe":542,"minecraft:diamond_shovel":89,"minecraft:chiseled_sandstone":5,"minecraft:bread":16,"minecraft:iron_pickaxe":574,"minecraft:spruce_sapling":6,"minecraft:gravel":2,"minecraft:stone_axe":27,"minecraft:cobblestone":76,"minecraft:bucket":16,"minecraft:sandstone_slab":49,"minecraft:smooth_stone_slab":7,"minecraft:yellow_bed":1,"minecraft:bone_meal":6},"minecraft:mined":{"minecraft:diamond_ore":19,"minecraft:cut_sandstone_slab":122,"minecraft:stone_pressure_plate":1,"minecraft:oak_sapling":1,"minecraft:farmland":12,"minecraft:mossy_cobblestone":15,"minecraft:obsidian":1,"minecraft:granite":60,"minecraft:acacia_log":12,"minecraft:grass_block":70,"minecraft:sandstone":406,"minecraft:sandstone_stairs":5,"minecraft:hay_block":6,"minecraft:redstone_ore":8,"minecraft:furnace":4,"minecraft:carrots":2,"minecraft:iron_ore":118,"minecraft:chiseled_sandstone":7,"minecraft:andesite":6,"minecraft:gold_block":1,"minecraft:bookshelf":1,"minecraft:potatoes":102,"minecraft:stone":263,"minecraft:sandstone_slab":1,"minecraft:cut_sandstone":9,"minecraft:acacia_leaves":4,"minecraft:orange_terracotta":1,"minecraft:crafting_table":9,"minecraft:torch":187,"minecraft:chest":5,"minecraft:dead_bush":3,"minecraft:tall_grass":11,"minecraft:cobblestone":13,"minecraft:lapis_ore":11,"minecraft:oak_planks":3,"minecraft:sugar_cane":44,"minecraft:wall_torch":11,"minecraft:diorite":9,"minecraft:cactus":1,"minecraft:spruce_log":105,"minecraft:tnt":9,"minecraft:yellow_bed":1,"minecraft:smooth_stone_slab":1,"minecraft:grass":65,"minecraft:oak_log":44,"minecraft:coal_ore":83,"minecraft:gravel":7,"minecraft:dirt":33,"minecraft:sand":770,"minecraft:stonecutter":1,"minecraft:netherrack":1,"minecraft:gold_ore":26,"minecraft:oak_leaves":3},"minecraft:dropped":{"minecraft:bread":1,"minecraft:wheat_seeds":1,"minecraft:baked_potato":21,"minecraft:poisonous_potato":1,"minecraft:cobblestone":64,"minecraft:feather":1,"minecraft:diorite":6,"minecraft:wooden_axe":1,"minecraft:iron_axe":1,"minecraft:iron_shovel":1,"minecraft:white_wool":1,"minecraft:bone":2,"minecraft:stone_axe":3,"minecraft:stone_shovel":5,"minecraft:rotten_flesh":3,"minecraft:andesite":1,"minecraft:acacia_sapling":1,"minecraft:chest":2,"minecraft:spider_eye":1,"minecraft:arrow":1,"minecraft:stone_pickaxe":1,"minecraft:wooden_pickaxe":2,"minecraft:egg":1},"minecraft:custom":{"minecraft:mob_kills":65,"minecraft:interact_with_crafting_table":53,"minecraft:leave_game":9,"minecraft:time_since_death":92848,"minecraft:climb_one_cm":4181,"minecraft:sprint_one_cm":968454,"minecraft:walk_one_cm":1087546,"minecraft:drop":54,"minecraft:talked_to_villager":21,"minecraft:sneak_time":14057,"minecraft:deaths":3,"minecraft:walk_under_water_one_cm":26322,"minecraft:jump":4654,"minecraft:walk_on_water_one_cm":91911,"minecraft:interact_with_furnace":85,"minecraft:traded_with_villager":27,"minecraft:play_one_minute":339702,"minecraft:interact_with_stonecutter":32,"minecraft:sleep_in_bed":11,"minecraft:time_since_rest":93122,"minecraft:damage_taken":2925,"minecraft:damage_dealt":12906,"minecraft:player_kills":2,"minecraft:swim_one_cm":47659,"minecraft:fly_one_cm":1073150,"minecraft:crouch_one_cm":46146,"minecraft:open_chest":124,"minecraft:fall_one_cm":102029},"minecraft:crafted":{"minecraft:oak_door":3,"minecraft:smooth_stone":4,"minecraft:oak_planks":80,"minecraft:oak_sign":3,"minecraft:cut_sandstone_slab":1028,"minecraft:furnace":3,"minecraft:stone":7,"minecraft:bone_meal":6,"minecraft:diamond_shovel":1,"minecraft:bookshelf":6,"minecraft:cooked_mutton":11,"minecraft:iron_axe":2,"minecraft:iron_hoe":1,"minecraft:stone_pickaxe":1,"minecraft:chest":2,"minecraft:diamond_boots":1,"minecraft:wheat":36,"minecraft:cooked_beef":6,"minecraft:emerald":26,"minecraft:crafting_table":1,"minecraft:spruce_planks":420,"minecraft:enchanting_table":1,"minecraft:iron_helmet":1,"minecraft:wooden_pickaxe":1,"minecraft:baked_potato":143,"minecraft:iron_sword":1,"minecraft:cooked_salmon":1,"minecraft:sandstone_slab":48,"minecraft:bucket":1,"minecraft:stone_axe":1,"minecraft:bread":12,"minecraft:air":0,"minecraft:book":16,"minecraft:iron_chestplate":1,"minecraft:diamond_pickaxe":1,"minecraft:shield":1,"minecraft:stick":916,"minecraft:iron_ingot":118,"minecraft:iron_pickaxe":3,"minecraft:iron_leggings":1,"minecraft:iron_shovel":3,"minecraft:gold_ingot":23,"minecraft:sandstone":255,"minecraft:stonecutter":1,"minecraft:acacia_planks":36,"minecraft:torch":100,"minecraft:sandstone_stairs":160},"minecraft:broken":{"minecraft:iron_shovel":2,"minecraft:iron_pickaxe":2},"minecraft:killed":{"minecraft:witch":1,"minecraft:spider":7,"minecraft:skeleton":8,"minecraft:chicken":1,"minecraft:drowned":2,"minecraft:husk":13,"minecraft:creeper":3,"minecraft:sheep":1,"minecraft:zombie":18,"minecraft:enderman":2,"minecraft:cow":9},"minecraft:picked_up":{"minecraft:wooden_axe":1,"minecraft:iron_chestplate":1,"minecraft:crafting_table":11,"minecraft:sandstone_slab":1,"minecraft:chicken":1,"minecraft:wooden_pickaxe":3,"minecraft:gold_block":1,"minecraft:enchanted_book":4,"minecraft:shield":2,"minecraft:oak_trapdoor":3,"minecraft:string":26,"minecraft:iron_axe":1,"minecraft:cooked_salmon":1,"minecraft:smooth_stone_slab":1,"minecraft:iron_leggings":1,"minecraft:iron_shovel":2,"minecraft:oak_sign":2,"minecraft:spruce_planks":4,"minecraft:beef":24,"minecraft:iron_pickaxe":2,"minecraft:sugar_cane":60,"minecraft:chest":7,"minecraft:furnace":6,"minecraft:iron_boots":1,"minecraft:egg":1,"minecraft:stick":12,"minecraft:sandstone":446,"minecraft:torch":264,"minecraft:acacia_log":12,"minecraft:diorite":17,"minecraft:carrot":12,"minecraft:redstone":38,"minecraft:stone_pressure_plate":1,"minecraft:tnt":16,"minecraft:arrow":14,"minecraft:cactus":9,"minecraft:stone_shovel":6,"minecraft:rotten_flesh":25,"minecraft:diamond_boots":1,"minecraft:hay_block":14,"minecraft:sandstone_stairs":5,"minecraft:gold_ingot":8,"minecraft:obsidian":1,"minecraft:mutton":4,"minecraft:white_wool":10,"minecraft:cobblestone":332,"minecraft:oxeye_daisy":3,"minecraft:feather":1,"minecraft:cooked_beef":3,"minecraft:salmon":1,"minecraft:water_bucket":1,"minecraft:andesite":6,"minecraft:cut_sandstone":9,"minecraft:leather":22,"minecraft:potato":379,"minecraft:flint":16,"minecraft:oak_log":54,"minecraft:yellow_bed":1,"minecraft:gunpowder":19,"minecraft:cut_sandstone_slab":230,"minecraft:lapis_lazuli":72,"minecraft:dirt":122,"minecraft:orange_terracotta":1,"minecraft:bone":23,"minecraft:acacia_planks":2,"minecraft:apple":2,"minecraft:stonecutter":1,"minecraft:bow":1,"minecraft:wheat_seeds":11,"minecraft:iron_ingot":2,"minecraft:stone_pickaxe":2,"minecraft:iron_ore":149,"minecraft:iron_sword":2,"minecraft:oak_planks":7,"minecraft:acacia_sapling":1,"minecraft:book":3,"minecraft:poisonous_potato":7,"minecraft:gravel":7,"minecraft:sand":1310,"minecraft:mossy_cobblestone":12,"minecraft:spruce_sapling":7,"minecraft:ink_sac":16,"minecraft:spruce_log":105,"minecraft:gold_ore":26,"minecraft:chiseled_sandstone":35,"minecraft:spider_eye":1,"minecraft:iron_hoe":1,"minecraft:diamond":19,"minecraft:stone_axe":4,"minecraft:iron_helmet":1,"minecraft:granite":74,"minecraft:golden_apple":4,"minecraft:emerald":3,"minecraft:golden_horse_armor":2,"minecraft:bread":5,"minecraft:baked_potato":8,"minecraft:oak_sapling":5,"minecraft:coal":122,"minecraft:diamond_pickaxe":1,"minecraft:ender_pearl":1}},"DataVersion":2586}