{"stats":{"minecraft:used":{"minecraft:stone_pickaxe":10,"minecraft:oak_planks":3,"minecraft:wooden_pickaxe":26,"minecraft:sandstone":8,"minecraft:cut_sandstone":2,"minecraft:stone_axe":1,"minecraft:sand":1,"minecraft:cobblestone":1,"minecraft:crafting_table":2,"minecraft:orange_terracotta":1},"minecraft:dropped":{"minecraft:wooden_pickaxe":1},"minecraft:picked_up":{"minecraft:crafting_table":2,"minecraft:sandstone":8,"minecraft:cut_sandstone":2,"minecraft:wooden_pickaxe":1,"minecraft:oak_log":6,"minecraft:diorite":1,"minecraft:stone_pressure_plate":1,"minecraft:orange_terracotta":1,"minecraft:tnt":8,"minecraft:hay_block":1,"minecraft:iron_ore":7,"minecraft:cobblestone":7},"minecraft:mined":{"minecraft:hay_block":1,"minecraft:cut_sandstone":2,"minecraft:stone_pressure_plate":1,"minecraft:iron_ore":7,"minecraft:orange_terracotta":1,"minecraft:tnt":9,"minecraft:crafting_table":2,"minecraft:oak_log":6,"minecraft:tall_grass":1,"minecraft:stone":7,"minecraft:diorite":1,"minecraft:sandstone":8},"minecraft:custom":{"minecraft:time_since_rest":8240,"minecraft:sprint_one_cm":12590,"minecraft:walk_one_cm":9481,"minecraft:drop":1,"minecraft:damage_dealt":30,"minecraft:swim_one_cm":4410,"minecraft:interact_with_crafting_table":4,"minecraft:fly_one_cm":23191,"minecraft:open_chest":5,"minecraft:crouch_one_cm":634,"minecraft:play_one_minute":8240,"minecraft:sneak_time":365,"minecraft:walk_under_water_one_cm":167,"minecraft:jump":130,"minecraft:leave_game":1,"minecraft:walk_on_water_one_cm":4756,"minecraft:time_since_death":8240,"minecraft:fall_one_cm":1943},"minecraft:crafted":{"minecraft:oak_planks":16,"minecraft:crafting_table":1,"minecraft:stick":8,"minecraft:wooden_pickaxe":1,"minecraft:stone_pickaxe":1,"minecraft:stone_axe":1}},"DataVersion":2586}