{"stats":{"minecraft:mined":{"minecraft:granite":5,"minecraft:spruce_fence":1,"minecraft:spruce_leaves":6,"minecraft:sandstone":97,"minecraft:white_concrete_powder":1,"minecraft:redstone_ore":29,"minecraft:spruce_sapling":1,"minecraft:iron_ore":154,"minecraft:andesite":3,"minecraft:diamond_block":1,"minecraft:potatoes":94,"minecraft:cobblestone_slab":4,"minecraft:smooth_sandstone_stairs":12,"minecraft:stone":457,"minecraft:smooth_sandstone":9,"minecraft:torch":10,"minecraft:poppy":1,"minecraft:dead_bush":5,"minecraft:tall_grass":4,"minecraft:cobblestone":25,"minecraft:sugar_cane":22,"minecraft:diorite":13,"minecraft:wall_torch":3,"minecraft:birch_sapling":1,"minecraft:birch_planks":12,"minecraft:cactus":1,"minecraft:birch_log":119,"minecraft:spruce_log":1278,"minecraft:birch_leaves":12,"minecraft:grass":21,"minecraft:coal_ore":200,"minecraft:gravel":3,"minecraft:sand":812,"minecraft:dirt":23,"minecraft:cobweb":6,"minecraft:gold_ore":5},"minecraft:used":{"minecraft:iron_shovel":822,"minecraft:oak_sign":1,"minecraft:white_concrete_powder":1,"minecraft:chest":1,"minecraft:shield":6,"minecraft:iron_sword":259,"minecraft:smooth_sandstone_stairs":44,"minecraft:torch":21,"minecraft:dirt":27,"minecraft:mutton":1,"minecraft:granite":3,"minecraft:spruce_fence":8,"minecraft:iron_axe":949,"minecraft:birch_sapling":22,"minecraft:smooth_sandstone":97,"minecraft:stone_brick_stairs":4,"minecraft:stone_bricks":3,"minecraft:furnace":3,"minecraft:egg":1,"minecraft:potato":101,"minecraft:water_bucket":3,"minecraft:diorite":2,"minecraft:birch_planks":133,"minecraft:baked_potato":87,"minecraft:sandstone":23,"minecraft:cut_sandstone":18,"minecraft:stonecutter":1,"minecraft:diamond_axe":648,"minecraft:diamond_block":1,"minecraft:sand":50,"minecraft:crafting_table":2,"minecraft:white_bed":1,"minecraft:spruce_log":3,"minecraft:smoker":1,"minecraft:diamond_pickaxe":90,"minecraft:bread":11,"minecraft:iron_pickaxe":934,"minecraft:spruce_sapling":42,"minecraft:gravel":1,"minecraft:cobblestone":45,"minecraft:cooked_porkchop":3,"minecraft:andesite":2,"minecraft:bucket":6,"minecraft:oak_boat":1},"minecraft:dropped":{"minecraft:water_bucket":1,"minecraft:iron_ingot":33,"minecraft:wheat_seeds":18,"minecraft:oak_log":2,"minecraft:baked_potato":9,"minecraft:poisonous_potato":2,"minecraft:iron_helmet":1,"minecraft:golden_axe":3,"minecraft:leather":6,"minecraft:acacia_trapdoor":1,"minecraft:chainmail_helmet":1,"minecraft:dirt":6,"minecraft:gray_wool":1,"minecraft:mutton":2,"minecraft:iron_leggings":1,"minecraft:iron_axe":3,"minecraft:chainmail_leggings":1,"minecraft:string":2,"minecraft:spruce_sapling":2,"minecraft:gravel":5,"minecraft:stone_axe":5,"minecraft:sugar_cane":1,"minecraft:stone_shovel":1,"minecraft:white_carpet":6,"minecraft:rotten_flesh":5,"minecraft:iron_boots":1,"minecraft:glowstone_dust":1,"minecraft:chainmail_chestplate":2,"minecraft:poppy":2,"minecraft:potato":19,"minecraft:tipped_arrow":3,"minecraft:iron_chestplate":3,"minecraft:andesite":1,"minecraft:oak_sapling":1,"minecraft:spider_eye":8,"minecraft:spruce_log":25,"minecraft:podzol":1,"minecraft:bow":1,"minecraft:arrow":5,"minecraft:stone_pickaxe":1,"minecraft:stone_brick_stairs":3},"minecraft:custom":{"minecraft:mob_kills":117,"minecraft:interact_with_crafting_table":45,"minecraft:bell_ring":34,"minecraft:leave_game":16,"minecraft:time_since_death":185824,"minecraft:climb_one_cm":12838,"minecraft:sprint_one_cm":650686,"minecraft:walk_one_cm":971514,"minecraft:damage_blocked_by_shield":210,"minecraft:drop":106,"minecraft:talked_to_villager":242,"minecraft:raid_win":1,"minecraft:sneak_time":8274,"minecraft:deaths":2,"minecraft:walk_under_water_one_cm":5268,"minecraft:jump":4690,"minecraft:interact_with_blast_furnace":2,"minecraft:walk_on_water_one_cm":31871,"minecraft:interact_with_furnace":74,"minecraft:traded_with_villager":303,"minecraft:play_one_minute":383713,"minecraft:interact_with_stonecutter":10,"minecraft:sleep_in_bed":12,"minecraft:time_since_rest":1794,"minecraft:damage_taken":5228,"minecraft:damage_dealt":20516,"minecraft:swim_one_cm":23044,"minecraft:fly_one_cm":853398,"minecraft:open_chest":96,"minecraft:crouch_one_cm":11977,"minecraft:interact_with_smoker":13,"minecraft:fall_one_cm":120768},"minecraft:crafted":{"minecraft:oak_planks":28,"minecraft:oak_sign":3,"minecraft:cut_sandstone":4,"minecraft:furnace":4,"minecraft:stone":11,"minecraft:spruce_fence":6,"minecraft:diamond_block":1,"minecraft:diamond":9,"minecraft:diamond_helmet":1,"minecraft:diamond_leggings":1,"minecraft:iron_boots":1,"minecraft:iron_axe":5,"minecraft:chest":1,"minecraft:diamond_boots":1,"minecraft:stone_bricks":8,"minecraft:smoker":1,"minecraft:cooked_beef":12,"minecraft:smooth_sandstone_stairs":186,"minecraft:emerald":297,"minecraft:cooked_porkchop":25,"minecraft:diamond_axe":1,"minecraft:crafting_table":2,"minecraft:spruce_planks":4636,"minecraft:iron_helmet":2,"minecraft:baked_potato":93,"minecraft:iron_sword":2,"minecraft:smooth_sandstone":215,"minecraft:birch_planks":220,"minecraft:bucket":1,"minecraft:air":0,"minecraft:stone_brick_stairs":4,"minecraft:book":1,"minecraft:iron_chestplate":2,"minecraft:paper":39,"minecraft:diamond_pickaxe":1,"minecraft:shield":1,"minecraft:stick":9168,"minecraft:iron_ingot":127,"minecraft:iron_pickaxe":2,"minecraft:iron_shovel":4,"minecraft:iron_leggings":2,"minecraft:sandstone":206,"minecraft:stonecutter":1,"minecraft:torch":36,"minecraft:diamond_chestplate":1},"minecraft:broken":{"minecraft:iron_shovel":3,"minecraft:iron_axe":3,"minecraft:iron_sword":1,"minecraft:iron_pickaxe":4},"minecraft:killed_by":{"minecraft:player":1,"minecraft:creeper":1},"minecraft:killed":{"minecraft:spider":42,"minecraft:skeleton":8,"minecraft:husk":8,"minecraft:pig":3,"minecraft:creeper":5,"minecraft:sheep":4,"minecraft:trader_llama":2,"minecraft:pillager":2,"minecraft:zombie":24,"minecraft:enderman":3,"minecraft:cow":15},"minecraft:picked_up":{"minecraft:iron_chestplate":4,"minecraft:lead":2,"minecraft:stone_brick_stairs":3,"minecraft:string":59,"minecraft:iron_axe":19,"minecraft:iron_leggings":2,"minecraft:white_carpet":6,"minecraft:iron_shovel":2,"minecraft:diamond_leggings":1,"minecraft:bucket":1,"minecraft:spruce_planks":72,"minecraft:beef":67,"minecraft:oak_boat":1,"minecraft:poppy":2,"minecraft:iron_pickaxe":10,"minecraft:light_gray_wool":1,"minecraft:sugar_cane":40,"minecraft:birch_sapling":60,"minecraft:iron_boots":2,"minecraft:egg":1,"minecraft:tipped_arrow":3,"minecraft:stick":126,"minecraft:sandstone":102,"minecraft:torch":26,"minecraft:spruce_fence":1,"minecraft:porkchop":16,"minecraft:golden_axe":3,"minecraft:diorite":6,"minecraft:redstone":135,"minecraft:arrow":15,"minecraft:stone_shovel":1,"minecraft:rotten_flesh":14,"minecraft:saddle":1,"minecraft:mutton":11,"minecraft:white_wool":2,"minecraft:cobblestone":567,"minecraft:birch_log":119,"minecraft:andesite":3,"minecraft:leather":23,"minecraft:potato":358,"minecraft:birch_planks":15,"minecraft:smooth_sandstone_stairs":12,"minecraft:oak_log":9,"minecraft:chainmail_chestplate":2,"minecraft:gunpowder":9,"minecraft:lapis_lazuli":14,"minecraft:dirt":135,"minecraft:podzol":1,"minecraft:smooth_sandstone":9,"minecraft:bone":22,"minecraft:stone_bricks":1,"minecraft:bow":3,"minecraft:wheat_seeds":18,"minecraft:acacia_trapdoor":1,"minecraft:stone_pickaxe":1,"minecraft:iron_ingot":3,"minecraft:iron_ore":262,"minecraft:glowstone_dust":1,"minecraft:iron_sword":3,"minecraft:oak_planks":20,"minecraft:cooked_porkchop":22,"minecraft:poisonous_potato":2,"minecraft:gravel":8,"minecraft:sand":874,"minecraft:spruce_sapling":59,"minecraft:grass_block":1,"minecraft:white_bed":1,"minecraft:spruce_log":1523,"minecraft:diamond_block":1,"minecraft:gold_ore":5,"minecraft:spider_eye":11,"minecraft:white_concrete_powder":1,"minecraft:stone_axe":5,"minecraft:chainmail_leggings":2,"minecraft:iron_helmet":2,"minecraft:granite":3,"minecraft:diamond_axe":1,"minecraft:gray_wool":1,"minecraft:chainmail_helmet":1,"minecraft:bread":11,"minecraft:emerald":44,"minecraft:baked_potato":129,"minecraft:oak_sapling":1,"minecraft:melon_seeds":3,"minecraft:coal":344,"minecraft:ender_pearl":1}},"DataVersion":2586}