{"stats":{"minecraft:mined":{"minecraft:granite":5,"minecraft:spruce_fence":1,"minecraft:spruce_leaves":6,"minecraft:sandstone":122,"minecraft:white_concrete_powder":1,"minecraft:redstone_ore":29,"minecraft:spruce_sapling":1,"minecraft:iron_ore":154,"minecraft:andesite":3,"minecraft:diamond_block":1,"minecraft:potatoes":113,"minecraft:cobblestone_slab":4,"minecraft:smooth_sandstone_stairs":13,"minecraft:stone":457,"minecraft:crafting_table":1,"minecraft:smooth_sandstone":9,"minecraft:torch":10,"minecraft:poppy":1,"minecraft:dead_bush":5,"minecraft:tall_grass":4,"minecraft:cobblestone":25,"minecraft:sugar_cane":22,"minecraft:wall_torch":3,"minecraft:diorite":13,"minecraft:birch_sapling":1,"minecraft:birch_planks":12,"minecraft:cactus":1,"minecraft:birch_log":170,"minecraft:spruce_log":1278,"minecraft:birch_leaves":14,"minecraft:grass":22,"minecraft:coal_ore":200,"minecraft:sand":2950,"minecraft:gravel":3,"minecraft:dirt":23,"minecraft:cobweb":6,"minecraft:gold_ore":5},"minecraft:used":{"minecraft:iron_shovel":1016,"minecraft:oak_sign":1,"minecraft:white_concrete_powder":1,"minecraft:chest":5,"minecraft:shield":6,"minecraft:iron_sword":259,"minecraft:smooth_sandstone_stairs":58,"minecraft:torch":21,"minecraft:dirt":27,"minecraft:mutton":1,"minecraft:granite":3,"minecraft:spruce_fence":8,"minecraft:iron_axe":949,"minecraft:birch_sapling":31,"minecraft:smooth_sandstone":171,"minecraft:stone_brick_stairs":4,"minecraft:stone_bricks":3,"minecraft:furnace":3,"minecraft:egg":1,"minecraft:potato":134,"minecraft:water_bucket":4,"minecraft:diorite":2,"minecraft:birch_planks":136,"minecraft:baked_potato":100,"minecraft:sandstone":30,"minecraft:cut_sandstone":21,"minecraft:stonecutter":1,"minecraft:diamond_axe":758,"minecraft:diamond_block":1,"minecraft:sand":115,"minecraft:crafting_table":3,"minecraft:white_bed":1,"minecraft:spruce_log":3,"minecraft:smoker":2,"minecraft:diamond_pickaxe":116,"minecraft:diamond_shovel":1943,"minecraft:bread":11,"minecraft:iron_pickaxe":934,"minecraft:spruce_sapling":42,"minecraft:gravel":1,"minecraft:cobblestone":45,"minecraft:cooked_porkchop":3,"minecraft:andesite":2,"minecraft:bucket":7,"minecraft:oak_boat":1},"minecraft:dropped":{"minecraft:water_bucket":1,"minecraft:iron_ingot":33,"minecraft:wheat_seeds":18,"minecraft:oak_log":2,"minecraft:baked_potato":9,"minecraft:poisonous_potato":2,"minecraft:iron_helmet":1,"minecraft:golden_axe":3,"minecraft:leather":6,"minecraft:acacia_trapdoor":1,"minecraft:chainmail_helmet":1,"minecraft:dirt":6,"minecraft:gray_wool":1,"minecraft:mutton":2,"minecraft:iron_leggings":1,"minecraft:iron_axe":3,"minecraft:chainmail_leggings":1,"minecraft:string":2,"minecraft:spruce_sapling":2,"minecraft:bone":1,"minecraft:gravel":5,"minecraft:stone_axe":5,"minecraft:sugar_cane":1,"minecraft:stone_shovel":1,"minecraft:white_carpet":6,"minecraft:rotten_flesh":5,"minecraft:iron_boots":1,"minecraft:glowstone_dust":1,"minecraft:chainmail_chestplate":2,"minecraft:poppy":2,"minecraft:potato":19,"minecraft:tipped_arrow":3,"minecraft:iron_chestplate":3,"minecraft:andesite":1,"minecraft:oak_sapling":1,"minecraft:spider_eye":9,"minecraft:spruce_log":25,"minecraft:bow":1,"minecraft:arrow":5,"minecraft:podzol":1,"minecraft:stone_pickaxe":1,"minecraft:stone_brick_stairs":3},"minecraft:custom":{"minecraft:mob_kills":130,"minecraft:interact_with_crafting_table":55,"minecraft:bell_ring":34,"minecraft:leave_game":18,"minecraft:time_since_death":249076,"minecraft:climb_one_cm":15098,"minecraft:sprint_one_cm":761602,"minecraft:walk_one_cm":1233823,"minecraft:damage_blocked_by_shield":210,"minecraft:drop":108,"minecraft:talked_to_villager":249,"minecraft:raid_win":1,"minecraft:sneak_time":9385,"minecraft:deaths":2,"minecraft:walk_under_water_one_cm":5842,"minecraft:jump":5357,"minecraft:interact_with_blast_furnace":2,"minecraft:walk_on_water_one_cm":32593,"minecraft:interact_with_furnace":91,"minecraft:traded_with_villager":304,"minecraft:play_one_minute":446965,"minecraft:interact_with_stonecutter":13,"minecraft:sleep_in_bed":15,"minecraft:time_since_rest":14756,"minecraft:damage_taken":5733,"minecraft:damage_dealt":23514,"minecraft:swim_one_cm":23044,"minecraft:fly_one_cm":979887,"minecraft:open_chest":123,"minecraft:crouch_one_cm":14734,"minecraft:interact_with_smoker":17,"minecraft:fall_one_cm":139601},"minecraft:crafted":{"minecraft:oak_planks":28,"minecraft:oak_sign":3,"minecraft:cut_sandstone":4,"minecraft:furnace":5,"minecraft:stone":11,"minecraft:diamond_shovel":1,"minecraft:spruce_fence":6,"minecraft:diamond_block":1,"minecraft:diamond":9,"minecraft:diamond_helmet":1,"minecraft:diamond_leggings":1,"minecraft:iron_boots":1,"minecraft:iron_axe":5,"minecraft:chest":5,"minecraft:diamond_boots":1,"minecraft:stone_bricks":8,"minecraft:smoker":2,"minecraft:cooked_beef":12,"minecraft:smooth_sandstone_stairs":187,"minecraft:emerald":297,"minecraft:cooked_porkchop":25,"minecraft:diamond_axe":1,"minecraft:crafting_table":2,"minecraft:spruce_planks":4636,"minecraft:iron_helmet":2,"minecraft:baked_potato":93,"minecraft:iron_sword":2,"minecraft:smooth_sandstone":372,"minecraft:bucket":1,"minecraft:birch_planks":220,"minecraft:air":0,"minecraft:stone_brick_stairs":4,"minecraft:iron_chestplate":2,"minecraft:book":5,"minecraft:paper":39,"minecraft:diamond_pickaxe":1,"minecraft:shield":1,"minecraft:stick":9168,"minecraft:iron_ingot":127,"minecraft:iron_pickaxe":2,"minecraft:iron_shovel":4,"minecraft:iron_leggings":2,"minecraft:sandstone":691,"minecraft:stonecutter":1,"minecraft:torch":36,"minecraft:diamond_chestplate":1},"minecraft:broken":{"minecraft:iron_shovel":4,"minecraft:diamond_shovel":2,"minecraft:iron_axe":3,"minecraft:iron_sword":1,"minecraft:iron_pickaxe":4},"minecraft:killed_by":{"minecraft:player":1,"minecraft:creeper":1},"minecraft:killed":{"minecraft:spider":44,"minecraft:skeleton":9,"minecraft:husk":13,"minecraft:pig":3,"minecraft:creeper":6,"minecraft:sheep":4,"minecraft:trader_llama":2,"minecraft:pillager":2,"minecraft:zombie":27,"minecraft:enderman":4,"minecraft:cow":15},"minecraft:picked_up":{"minecraft:crafting_table":1,"minecraft:iron_chestplate":4,"minecraft:lead":2,"minecraft:stone_brick_stairs":3,"minecraft:string":59,"minecraft:iron_axe":19,"minecraft:iron_leggings":2,"minecraft:white_carpet":6,"minecraft:iron_shovel":2,"minecraft:diamond_leggings":1,"minecraft:bucket":1,"minecraft:spruce_planks":72,"minecraft:beef":67,"minecraft:oak_boat":1,"minecraft:poppy":2,"minecraft:iron_pickaxe":10,"minecraft:light_gray_wool":1,"minecraft:sugar_cane":40,"minecraft:birch_sapling":67,"minecraft:iron_boots":2,"minecraft:egg":1,"minecraft:tipped_arrow":3,"minecraft:stick":138,"minecraft:sandstone":130,"minecraft:torch":26,"minecraft:spruce_fence":1,"minecraft:porkchop":16,"minecraft:golden_axe":3,"minecraft:diorite":6,"minecraft:redstone":135,"minecraft:cactus":21,"minecraft:arrow":19,"minecraft:stone_shovel":1,"minecraft:rotten_flesh":17,"minecraft:saddle":1,"minecraft:mutton":11,"minecraft:white_wool":2,"minecraft:cobblestone":567,"minecraft:birch_log":170,"minecraft:andesite":3,"minecraft:leather":23,"minecraft:potato":423,"minecraft:birch_planks":16,"minecraft:smooth_sandstone_stairs":13,"minecraft:oak_log":9,"minecraft:chainmail_chestplate":2,"minecraft:gunpowder":9,"minecraft:lapis_lazuli":76,"minecraft:dirt":135,"minecraft:podzol":1,"minecraft:smooth_sandstone":9,"minecraft:bone":25,"minecraft:stone_bricks":1,"minecraft:bow":3,"minecraft:wheat_seeds":18,"minecraft:acacia_trapdoor":1,"minecraft:iron_ingot":3,"minecraft:stone_pickaxe":1,"minecraft:iron_ore":262,"minecraft:glowstone_dust":1,"minecraft:iron_sword":3,"minecraft:oak_planks":20,"minecraft:cooked_porkchop":22,"minecraft:poisonous_potato":2,"minecraft:gravel":8,"minecraft:sand":2973,"minecraft:spruce_sapling":59,"minecraft:grass_block":1,"minecraft:white_bed":1,"minecraft:spruce_log":1523,"minecraft:diamond_block":1,"minecraft:gold_ore":5,"minecraft:spider_eye":12,"minecraft:white_concrete_powder":1,"minecraft:stone_axe":5,"minecraft:chainmail_leggings":2,"minecraft:iron_helmet":2,"minecraft:granite":3,"minecraft:diamond_axe":1,"minecraft:gray_wool":1,"minecraft:chainmail_helmet":1,"minecraft:bread":11,"minecraft:emerald":44,"minecraft:baked_potato":129,"minecraft:oak_sapling":1,"minecraft:melon_seeds":3,"minecraft:coal":344,"minecraft:ender_pearl":2}},"DataVersion":2586}