{"stats":{"minecraft:mined":{"minecraft:spruce_log":186,"minecraft:grass":8,"minecraft:potatoes":17,"minecraft:coal_ore":48,"minecraft:gravel":2,"minecraft:tall_grass":1,"minecraft:stone":3},"minecraft:used":{"minecraft:iron_axe":198,"minecraft:bread":9,"minecraft:baked_potato":3,"minecraft:iron_pickaxe":58,"minecraft:iron_sword":31,"minecraft:spruce_sapling":5,"minecraft:dirt":20,"minecraft:potato":17,"minecraft:spruce_log":3},"minecraft:dropped":{"minecraft:wheat_seeds":1,"minecraft:stone_shovel":1,"minecraft:rotten_flesh":1,"minecraft:spider_eye":1,"minecraft:leather":6,"minecraft:iron_axe":1,"minecraft:bow":1,"minecraft:spruce_sapling":2},"minecraft:custom":{"minecraft:time_since_rest":11390,"minecraft:interact_with_furnace":4,"minecraft:sprint_one_cm":91289,"minecraft:damage_taken":579,"minecraft:walk_one_cm":85060,"minecraft:mob_kills":17,"minecraft:drop":9,"minecraft:damage_dealt":1834,"minecraft:interact_with_crafting_table":6,"minecraft:fly_one_cm":93529,"minecraft:open_chest":20,"minecraft:crouch_one_cm":490,"minecraft:play_one_minute":43852,"minecraft:sneak_time":347,"minecraft:bell_ring":21,"minecraft:jump":600,"minecraft:interact_with_stonecutter":1,"minecraft:leave_game":2,"minecraft:walk_on_water_one_cm":1021,"minecraft:time_since_death":43852,"minecraft:sleep_in_bed":2,"minecraft:climb_one_cm":737,"minecraft:fall_one_cm":14401},"minecraft:crafted":{"minecraft:iron_chestplate":1,"minecraft:iron_axe":2,"minecraft:spruce_planks":36,"minecraft:stick":8,"minecraft:iron_helmet":1,"minecraft:iron_sword":1,"minecraft:iron_leggings":1},"minecraft:killed":{"minecraft:sheep":2,"minecraft:zombie":1,"minecraft:spider":1,"minecraft:cow":13},"minecraft:picked_up":{"minecraft:stick":2,"minecraft:leather":12,"minecraft:gravel":2,"minecraft:potato":65,"minecraft:spruce_sapling":7,"minecraft:spruce_log":189,"minecraft:string":2,"minecraft:spider_eye":1,"minecraft:iron_axe":8,"minecraft:iron_shovel":1,"minecraft:stone_shovel":1,"minecraft:rotten_flesh":1,"minecraft:bow":1,"minecraft:wheat_seeds":1,"minecraft:beef":22,"minecraft:light_gray_wool":1,"minecraft:bread":11,"minecraft:iron_pickaxe":4,"minecraft:baked_potato":21,"minecraft:mutton":4,"minecraft:coal":48,"minecraft:white_wool":1,"minecraft:cobblestone":3}},"DataVersion":2586}