{"stats":{"minecraft:used":{"minecraft:dirt":3,"minecraft:carrot":5,"minecraft:stone_axe":2},"minecraft:mined":{"minecraft:grass":2,"minecraft:grass_block":1,"minecraft:potatoes":3,"minecraft:chest":2,"minecraft:beetroots":2,"minecraft:farmland":1,"minecraft:carrots":12,"minecraft:wheat":11},"minecraft:dropped":{"minecraft:poppy":1,"minecraft:dirt":41,"minecraft:stone_axe":1},"minecraft:custom":{"minecraft:play_one_minute":24723,"minecraft:open_chest":3,"minecraft:time_since_rest":4527,"minecraft:crouch_one_cm":182,"minecraft:sprint_one_cm":50257,"minecraft:damage_taken":1651,"minecraft:walk_one_cm":66483,"minecraft:deaths":5,"minecraft:sneak_time":89,"minecraft:walk_under_water_one_cm":83,"minecraft:drop":43,"minecraft:jump":270,"minecraft:damage_dealt":229,"minecraft:leave_game":6,"minecraft:time_since_death":4493,"minecraft:walk_on_water_one_cm":546,"minecraft:climb_one_cm":1691,"minecraft:bell_ring":5,"minecraft:fly_one_cm":48730,"minecraft:talked_to_villager":1,"minecraft:fall_one_cm":12674,"minecraft:player_kills":1},"minecraft:killed_by":{"minecraft:creeper":1,"minecraft:zombie":1,"minecraft:player":2},"minecraft:picked_up":{"minecraft:wheat":9,"minecraft:beetroot":2,"minecraft:beetroot_seeds":5,"minecraft:wheat_seeds":30,"minecraft:potato":10,"minecraft:poppy":1,"minecraft:carrot":34,"minecraft:apple":7,"minecraft:dirt":45}},"DataVersion":2586}