{"stats":{"minecraft:used":{"minecraft:iron_shovel":13,"minecraft:spruce_slab":8,"minecraft:chest":4,"minecraft:iron_sword":221,"minecraft:carrot":5,"minecraft:lava_bucket":6,"minecraft:hay_block":7,"minecraft:furnace":1,"minecraft:egg":1,"minecraft:acacia_trapdoor":11,"minecraft:stone_pickaxe":103,"minecraft:oak_planks":3,"minecraft:wooden_pickaxe":9,"minecraft:diamond_axe":2802,"minecraft:blast_furnace":2,"minecraft:bread":24,"minecraft:lectern":133,"minecraft:gravel":30,"minecraft:diamond_sword":333,"minecraft:wooden_sword":9,"minecraft:grindstone":1,"minecraft:smithing_table":1,"minecraft:andesite":2,"minecraft:oak_boat":1,"minecraft:bone_meal":15,"minecraft:acacia_log":2,"minecraft:spruce_planks":1,"minecraft:brewing_stand":1,"minecraft:dirt":26,"minecraft:anvil":1,"minecraft:wooden_axe":32,"minecraft:iron_axe":1204,"minecraft:cooked_beef":70,"minecraft:cooked_mutton":26,"minecraft:water_bucket":3,"minecraft:fletching_table":25,"minecraft:diamond_block":1,"minecraft:crafting_table":3,"minecraft:white_bed":4,"minecraft:spruce_log":11,"minecraft:diamond_pickaxe":940,"minecraft:diamond_shovel":671,"minecraft:iron_pickaxe":401,"minecraft:stone_slab":187,"minecraft:spruce_sapling":228,"minecraft:stone_axe":7,"minecraft:cobblestone":176,"minecraft:white_banner":3,"minecraft:bucket":9,"minecraft:yellow_bed":1},"minecraft:mined":{"minecraft:spruce_planks":1,"minecraft:white_bed":3,"minecraft:farmland":2,"minecraft:brewing_stand":1,"minecraft:granite":26,"minecraft:acacia_log":84,"minecraft:grass_block":24,"minecraft:iron_ore":208,"minecraft:fire":1,"minecraft:fletching_table":20,"minecraft:spruce_slab":6,"minecraft:torch":1,"minecraft:blast_furnace":2,"minecraft:poppy":1,"minecraft:chest":3,"minecraft:cobblestone":138,"minecraft:sugar_cane":68,"minecraft:grindstone":1,"minecraft:wall_torch":1,"minecraft:wheat":11,"minecraft:grass":133,"minecraft:oak_log":55,"minecraft:beetroots":2,"minecraft:sand":535,"minecraft:dirt":51,"minecraft:diamond_ore":53,"minecraft:mossy_cobblestone":4,"minecraft:dark_oak_log":129,"minecraft:spruce_leaves":56,"minecraft:sandstone":8,"minecraft:hay_block":35,"minecraft:redstone_ore":3,"minecraft:spruce_sapling":20,"minecraft:carrots":12,"minecraft:acacia_trapdoor":9,"minecraft:andesite":73,"minecraft:stripped_spruce_log":4,"minecraft:potatoes":3,"minecraft:stripped_oak_log":1,"minecraft:stone":634,"minecraft:dandelion":4,"minecraft:oak_fence":1,"minecraft:crafting_table":1,"minecraft:lectern":132,"minecraft:stone_slab":7,"minecraft:tall_grass":28,"minecraft:diorite":17,"minecraft:spruce_log":3468,"minecraft:white_wall_banner":1,"minecraft:yellow_bed":1,"minecraft:grass_path":6,"minecraft:coal_ore":241,"minecraft:gravel":50,"minecraft:cobweb":4},"minecraft:dropped":{"minecraft:iron_sword":1,"minecraft:diamond_axe":1,"minecraft:oak_log":6,"minecraft:glass_bottle":6,"minecraft:cooked_porkchop":1,"minecraft:flint":1,"minecraft:emerald":21,"minecraft:dirt":96,"minecraft:dark_oak_log":64,"minecraft:wooden_sword":1,"minecraft:sand":443,"minecraft:iron_pickaxe":7,"minecraft:white_wool":13,"minecraft:bone":2,"minecraft:stone_axe":39,"minecraft:sugar_cane":6,"minecraft:rotten_flesh":11,"minecraft:oak_planks":1,"minecraft:glowstone_dust":2,"minecraft:azure_bluet":2,"minecraft:chainmail_chestplate":4,"minecraft:poppy":4,"minecraft:tipped_arrow":15,"minecraft:chainmail_boots":21,"minecraft:acacia_sapling":4,"minecraft:spruce_slab":6,"minecraft:arrow":37,"minecraft:stone_hoe":4,"minecraft:iron_ingot":2,"minecraft:stripped_spruce_log":6,"minecraft:wheat_seeds":30,"minecraft:oak_fence":1,"minecraft:iron_helmet":1,"minecraft:golden_axe":4,"minecraft:cobblestone":223,"minecraft:lead":4,"minecraft:book":1,"minecraft:apple":18,"minecraft:granite":20,"minecraft:acacia_log":1,"minecraft:chainmail_helmet":4,"minecraft:grass_block":2,"minecraft:acacia_trapdoor":11,"minecraft:stick":56,"minecraft:oxeye_daisy":6,"minecraft:gray_wool":3,"minecraft:diorite":15,"minecraft:torch":7,"minecraft:brown_wool":1,"minecraft:iron_leggings":4,"minecraft:iron_axe":16,"minecraft:iron_shovel":2,"minecraft:paper":4,"minecraft:string":8,"minecraft:bucket":1,"minecraft:spruce_sapling":70,"minecraft:dandelion":3,"minecraft:stone_sword":1,"minecraft:stone_shovel":49,"minecraft:light_gray_wool":1,"minecraft:iron_boots":2,"minecraft:stripped_oak_log":1,"minecraft:potato":37,"minecraft:spruce_planks":13,"minecraft:andesite":26,"minecraft:iron_chestplate":1,"minecraft:diamond_pickaxe":1,"minecraft:oak_sapling":3,"minecraft:wooden_shovel":1,"minecraft:spider_eye":14,"minecraft:spruce_log":116,"minecraft:sandstone":8,"minecraft:bow":3,"minecraft:stone_pickaxe":4,"minecraft:wooden_pickaxe":1,"minecraft:black_wool":3},"minecraft:custom":{"minecraft:interact_with_crafting_table":58,"minecraft:bell_ring":7,"minecraft:leave_game":22,"minecraft:time_since_death":131155,"minecraft:sprint_one_cm":1350142,"minecraft:drop":701,"minecraft:talked_to_villager":852,"minecraft:deaths":8,"minecraft:jump":10005,"minecraft:walk_on_water_one_cm":42931,"minecraft:enchant_item":3,"minecraft:interact_with_furnace":190,"minecraft:traded_with_villager":1074,"minecraft:play_one_minute":595663,"minecraft:sleep_in_bed":42,"minecraft:damage_dealt":29426,"minecraft:player_kills":1,"minecraft:crouch_one_cm":17171,"minecraft:horse_one_cm":811,"minecraft:interact_with_smithing_table":2,"minecraft:mob_kills":204,"minecraft:interact_with_anvil":6,"minecraft:inspect_hopper":1,"minecraft:climb_one_cm":62888,"minecraft:walk_one_cm":1761035,"minecraft:raid_win":1,"minecraft:sneak_time":5641,"minecraft:walk_under_water_one_cm":7275,"minecraft:boat_one_cm":45046,"minecraft:interact_with_blast_furnace":23,"minecraft:raid_trigger":1,"minecraft:interact_with_grindstone":4,"minecraft:interact_with_stonecutter":3,"minecraft:time_since_rest":14864,"minecraft:damage_taken":8129,"minecraft:swim_one_cm":20415,"minecraft:fly_one_cm":2066728,"minecraft:open_chest":174,"minecraft:fall_one_cm":299207},"minecraft:crafted":{"minecraft:oak_planks":192,"minecraft:stone":89,"minecraft:diamond_shovel":1,"minecraft:bookshelf":1,"minecraft:cooked_mutton":31,"minecraft:diamond_helmet":1,"minecraft:diamond_leggings":1,"minecraft:iron_boots":11,"minecraft:chest":1,"minecraft:wooden_shovel":1,"minecraft:emerald":957,"minecraft:cooked_porkchop":43,"minecraft:diamond_axe":1,"minecraft:crafting_table":2,"minecraft:spruce_planks":13752,"minecraft:wooden_pickaxe":1,"minecraft:iron_helmet":1,"minecraft:smithing_table":1,"minecraft:fletching_table":3,"minecraft:lectern":1,"minecraft:iron_chestplate":1,"minecraft:book":12,"minecraft:paper":132,"minecraft:diamond_pickaxe":1,"minecraft:stick":28737,"minecraft:iron_ingot":255,"minecraft:iron_pickaxe":11,"minecraft:iron_block":3,"minecraft:stone_sword":1,"minecraft:wooden_sword":1,"minecraft:stone_shovel":42,"minecraft:furnace":1,"minecraft:bone_meal":45,"minecraft:diamond_block":1,"minecraft:iron_axe":17,"minecraft:spruce_slab":12,"minecraft:stone_pickaxe":1,"minecraft:diamond_boots":1,"minecraft:dark_oak_planks":256,"minecraft:wheat":252,"minecraft:cooked_beef":70,"minecraft:diamond_sword":1,"minecraft:iron_sword":1,"minecraft:acacia_trapdoor":6,"minecraft:bucket":2,"minecraft:stone_axe":31,"minecraft:enchanted_book":8,"minecraft:bread":42,"minecraft:air":0,"minecraft:oak_boat":1,"minecraft:wooden_axe":1,"minecraft:iron_shovel":1,"minecraft:iron_leggings":1,"minecraft:anvil":1,"minecraft:white_bed":1,"minecraft:acacia_planks":304,"minecraft:diamond_chestplate":1},"minecraft:broken":{"minecraft:wooden_axe":1,"minecraft:iron_axe":3,"minecraft:iron_pickaxe":1},"minecraft:killed_by":{"minecraft:creeper":1,"minecraft:zombie":1,"minecraft:player":2},"minecraft:killed":{"minecraft:witch":2,"minecraft:spider":48,"minecraft:skeleton":17,"minecraft:pig":37,"minecraft:creeper":1,"minecraft:sheep":31,"minecraft:pillager":8,"minecraft:zombie":19,"minecraft:cow":35,"minecraft:evoker":1,"minecraft:ravager":1,"minecraft:villager":1,"minecraft:enderman":3},"minecraft:picked_up":{"minecraft:wheat":9,"minecraft:chainmail_boots":21,"minecraft:stone_slab":9,"minecraft:smithing_table":1,"minecraft:lead":4,"minecraft:diamond_sword":1,"minecraft:brewing_stand":1,"minecraft:string":14,"minecraft:iron_leggings":3,"minecraft:beetroot":2,"minecraft:diamond_leggings":2,"minecraft:bucket":1,"minecraft:spruce_planks":57,"minecraft:iron_pickaxe":2,"minecraft:iron_boots":3,"minecraft:tipped_arrow":15,"minecraft:stick":142,"minecraft:composter":4,"minecraft:oak_fence":1,"minecraft:torch":9,"minecraft:acacia_log":79,"minecraft:porkchop":74,"minecraft:golden_axe":4,"minecraft:diorite":38,"minecraft:stone_sword":1,"minecraft:rotten_flesh":14,"minecraft:music_disc_ward":1,"minecraft:cobblestone":933,"minecraft:cooked_beef":18,"minecraft:andesite":111,"minecraft:brown_wool":3,"minecraft:potato":48,"minecraft:flint":6,"minecraft:lapis_lazuli":89,"minecraft:dirt":193,"minecraft:bone":11,"minecraft:acacia_planks":32,"minecraft:bow":4,"minecraft:wheat_seeds":62,"minecraft:grindstone":1,"minecraft:fletching_table":21,"minecraft:diamond_helmet":1,"minecraft:glowstone_dust":2,"minecraft:stone_hoe":4,"minecraft:cooked_porkchop":59,"minecraft:sand":443,"minecraft:stripped_spruce_log":6,"minecraft:grass_block":2,"minecraft:dark_oak_log":256,"minecraft:mossy_cobblestone":4,"minecraft:diamond":97,"minecraft:granite":56,"minecraft:bone_meal":30,"minecraft:emerald":137,"minecraft:chainmail_helmet":4,"minecraft:oak_sapling":3,"minecraft:diamond_pickaxe":2,"minecraft:crafting_table":1,"minecraft:azure_bluet":2,"minecraft:oak_trapdoor":1,"minecraft:iron_axe":3,"minecraft:iron_shovel":1,"minecraft:beef":69,"minecraft:oak_boat":2,"minecraft:spruce_slab":7,"minecraft:light_gray_wool":7,"minecraft:poppy":5,"minecraft:lectern":133,"minecraft:chest":3,"minecraft:sugar_cane":177,"minecraft:egg":1,"minecraft:sandstone":8,"minecraft:carrot":34,"minecraft:redstone":243,"minecraft:arrow":40,"minecraft:stone_shovel":9,"minecraft:diamond_chestplate":1,"minecraft:beetroot_seeds":5,"minecraft:diamond_boots":1,"minecraft:hay_block":55,"minecraft:totem_of_undying":1,"minecraft:mutton":49,"minecraft:white_wool":30,"minecraft:oxeye_daisy":6,"minecraft:stripped_oak_log":1,"minecraft:leather":70,"minecraft:oak_log":54,"minecraft:chainmail_chestplate":4,"minecraft:yellow_bed":1,"minecraft:gunpowder":2,"minecraft:white_banner":3,"minecraft:cooked_mutton":27,"minecraft:apple":43,"minecraft:acacia_trapdoor":16,"minecraft:stone_pickaxe":4,"minecraft:iron_ore":271,"minecraft:glass_bottle":6,"minecraft:acacia_sapling":4,"minecraft:book":17,"minecraft:dandelion":4,"minecraft:gravel":44,"minecraft:spruce_sapling":298,"minecraft:blast_furnace":2,"minecraft:white_bed":4,"minecraft:spruce_log":3995,"minecraft:gold_ore":48,"minecraft:spider_eye":14,"minecraft:diamond_shovel":1,"minecraft:stone_axe":8,"minecraft:diamond_axe":2,"minecraft:gray_wool":3,"minecraft:black_wool":4,"minecraft:coal":261,"minecraft:ender_pearl":1}},"DataVersion":2586}