{"stats":{"minecraft:killed_by":{"minecraft:player":1},"minecraft:picked_up":{"minecraft:carrot":1},"minecraft:custom":{"minecraft:jump":67,"minecraft:time_since_rest":2072,"minecraft:crouch_one_cm":67,"minecraft:damage_dealt":209,"minecraft:play_one_minute":2719,"minecraft:deaths":1,"minecraft:sprint_one_cm":5729,"minecraft:damage_taken":290,"minecraft:time_since_death":2038,"minecraft:walk_one_cm":18238,"minecraft:sneak_time":6,"minecraft:fall_one_cm":1045,"minecraft:fly_one_cm":9421,"minecraft:player_kills":1}},"DataVersion":2586}