{"stats":{"minecraft:killed_by":{"minecraft:player":1,"minecraft:creeper":1},"minecraft:picked_up":{"minecraft:carrot":1},"minecraft:custom":{"minecraft:jump":71,"minecraft:time_since_rest":56,"minecraft:damage_dealt":229,"minecraft:play_one_minute":3923,"minecraft:crouch_one_cm":67,"minecraft:leave_game":1,"minecraft:damage_taken":500,"minecraft:sprint_one_cm":7780,"minecraft:time_since_death":0,"minecraft:walk_one_cm":19791,"minecraft:deaths":2,"minecraft:sneak_time":6,"minecraft:fall_one_cm":1254,"minecraft:fly_one_cm":10734,"minecraft:player_kills":1}},"DataVersion":2586}