{"stats":{"minecraft:killed_by":{"minecraft:player":2,"minecraft:creeper":1,"minecraft:zombie":1},"minecraft:used":{"minecraft:acacia_log":2,"minecraft:iron_shovel":4,"minecraft:iron_sword":148,"minecraft:brewing_stand":1,"minecraft:dirt":3,"minecraft:carrot":5,"minecraft:wooden_axe":32,"minecraft:iron_axe":266,"minecraft:cooked_beef":3,"minecraft:cooked_mutton":13,"minecraft:acacia_trapdoor":6,"minecraft:stone_pickaxe":103,"minecraft:wooden_pickaxe":9,"minecraft:fletching_table":2,"minecraft:crafting_table":1,"minecraft:blast_furnace":1,"minecraft:white_bed":4,"minecraft:bread":8,"minecraft:iron_pickaxe":142,"minecraft:spruce_sapling":8,"minecraft:stone_axe":7,"minecraft:wooden_sword":9,"minecraft:cobblestone":8,"minecraft:andesite":2,"minecraft:oak_boat":1},"minecraft:dropped":{"minecraft:wheat_seeds":6,"minecraft:grass_block":2,"minecraft:stick":1,"minecraft:oxeye_daisy":6,"minecraft:dirt":41,"minecraft:gray_wool":2,"minecraft:wooden_sword":1,"minecraft:dandelion":3,"minecraft:stone_axe":2,"minecraft:stone_sword":1,"minecraft:stone_shovel":1,"minecraft:stripped_oak_log":1,"minecraft:azure_bluet":2,"minecraft:poppy":1,"minecraft:wooden_shovel":1,"minecraft:acacia_sapling":1,"minecraft:spider_eye":1,"minecraft:wooden_pickaxe":1,"minecraft:stone_pickaxe":1},"minecraft:broken":{"minecraft:wooden_axe":1},"minecraft:picked_up":{"minecraft:wheat":9,"minecraft:azure_bluet":2,"minecraft:brewing_stand":1,"minecraft:beetroot":2,"minecraft:beef":50,"minecraft:oak_boat":1,"minecraft:poppy":1,"minecraft:light_gray_wool":3,"minecraft:stick":7,"minecraft:acacia_log":78,"minecraft:porkchop":43,"minecraft:diorite":8,"minecraft:carrot":34,"minecraft:stone_sword":1,"minecraft:stone_shovel":1,"minecraft:beetroot_seeds":5,"minecraft:hay_block":21,"minecraft:mutton":22,"minecraft:cobblestone":84,"minecraft:white_wool":9,"minecraft:oxeye_daisy":6,"minecraft:stripped_oak_log":1,"minecraft:cooked_beef":1,"minecraft:andesite":19,"minecraft:brown_wool":1,"minecraft:leather":29,"minecraft:potato":10,"minecraft:oak_log":47,"minecraft:dirt":74,"minecraft:cooked_mutton":9,"minecraft:acacia_planks":32,"minecraft:apple":7,"minecraft:wheat_seeds":36,"minecraft:acacia_trapdoor":6,"minecraft:stone_pickaxe":1,"minecraft:iron_ore":59,"minecraft:fletching_table":2,"minecraft:acacia_sapling":1,"minecraft:cooked_porkchop":16,"minecraft:dandelion":4,"minecraft:spruce_sapling":8,"minecraft:blast_furnace":1,"minecraft:white_bed":3,"minecraft:grass_block":2,"minecraft:dark_oak_log":128,"minecraft:spider_eye":1,"minecraft:stone_axe":1,"minecraft:granite":15,"minecraft:gray_wool":2,"minecraft:black_wool":1,"minecraft:coal":65,"minecraft:ender_pearl":1},"minecraft:mined":{"minecraft:white_bed":3,"minecraft:farmland":1,"minecraft:dark_oak_log":129,"minecraft:brewing_stand":1,"minecraft:granite":15,"minecraft:acacia_log":81,"minecraft:grass_block":18,"minecraft:hay_block":21,"minecraft:carrots":12,"minecraft:acacia_trapdoor":6,"minecraft:iron_ore":59,"minecraft:andesite":19,"minecraft:fletching_table":2,"minecraft:potatoes":3,"minecraft:stripped_oak_log":1,"minecraft:stone":84,"minecraft:dandelion":3,"minecraft:blast_furnace":1,"minecraft:chest":2,"minecraft:tall_grass":10,"minecraft:diorite":8,"minecraft:wheat":11,"minecraft:grass":46,"minecraft:oak_log":48,"minecraft:coal_ore":65,"minecraft:beetroots":2,"minecraft:dirt":12},"minecraft:killed":{"minecraft:spider":1,"minecraft:pig":21,"minecraft:sheep":15,"minecraft:zombie":5,"minecraft:enderman":2,"minecraft:cow":27},"minecraft:custom":{"minecraft:mob_kills":71,"minecraft:interact_with_crafting_table":22,"minecraft:bell_ring":7,"minecraft:leave_game":10,"minecraft:time_since_death":79623,"minecraft:climb_one_cm":10557,"minecraft:sprint_one_cm":357230,"minecraft:walk_one_cm":333792,"minecraft:drop":74,"minecraft:talked_to_villager":19,"minecraft:deaths":7,"minecraft:sneak_time":271,"minecraft:walk_under_water_one_cm":3036,"minecraft:boat_one_cm":45046,"minecraft:jump":2360,"minecraft:interact_with_blast_furnace":8,"minecraft:walk_on_water_one_cm":15435,"minecraft:interact_with_furnace":72,"minecraft:traded_with_villager":50,"minecraft:play_one_minute":117541,"minecraft:sleep_in_bed":9,"minecraft:time_since_rest":5977,"minecraft:damage_taken":2795,"minecraft:damage_dealt":8193,"minecraft:swim_one_cm":10366,"minecraft:fly_one_cm":556096,"minecraft:player_kills":1,"minecraft:open_chest":55,"minecraft:crouch_one_cm":406,"minecraft:fall_one_cm":73190,"minecraft:horse_one_cm":811},"minecraft:crafted":{"minecraft:wooden_sword":1,"minecraft:oak_planks":188,"minecraft:stone_shovel":1,"minecraft:cooked_mutton":13,"minecraft:iron_boots":11,"minecraft:iron_axe":2,"minecraft:stone_pickaxe":1,"minecraft:dark_oak_planks":256,"minecraft:wheat":189,"minecraft:cooked_beef":50,"minecraft:wooden_shovel":1,"minecraft:emerald":40,"minecraft:cooked_porkchop":43,"minecraft:crafting_table":1,"minecraft:wooden_pickaxe":1,"minecraft:iron_helmet":1,"minecraft:iron_sword":1,"minecraft:acacia_trapdoor":6,"minecraft:stone_axe":1,"minecraft:bread":21,"minecraft:air":0,"minecraft:oak_boat":1,"minecraft:iron_chestplate":1,"minecraft:stick":1304,"minecraft:iron_pickaxe":1,"minecraft:iron_ingot":105,"minecraft:wooden_axe":1,"minecraft:stone_sword":1,"minecraft:iron_shovel":1,"minecraft:iron_leggings":1,"minecraft:white_bed":1,"minecraft:acacia_planks":304}},"DataVersion":2586}