{"stats":{"minecraft:used":{"minecraft:iron_shovel":13,"minecraft:spruce_slab":2,"minecraft:chest":4,"minecraft:iron_sword":221,"minecraft:carrot":5,"minecraft:lava_bucket":6,"minecraft:furnace":1,"minecraft:egg":1,"minecraft:acacia_trapdoor":11,"minecraft:stone_pickaxe":103,"minecraft:oak_planks":3,"minecraft:wooden_pickaxe":9,"minecraft:diamond_axe":2253,"minecraft:blast_furnace":2,"minecraft:bread":21,"minecraft:lectern":57,"minecraft:gravel":30,"minecraft:diamond_sword":307,"minecraft:wooden_sword":9,"minecraft:grindstone":1,"minecraft:smithing_table":1,"minecraft:andesite":2,"minecraft:oak_boat":1,"minecraft:bone_meal":15,"minecraft:acacia_log":2,"minecraft:spruce_planks":1,"minecraft:brewing_stand":1,"minecraft:dirt":26,"minecraft:anvil":1,"minecraft:wooden_axe":32,"minecraft:iron_axe":1204,"minecraft:cooked_beef":70,"minecraft:cooked_mutton":16,"minecraft:water_bucket":3,"minecraft:fletching_table":17,"minecraft:diamond_block":1,"minecraft:crafting_table":3,"minecraft:white_bed":4,"minecraft:spruce_log":11,"minecraft:diamond_pickaxe":937,"minecraft:diamond_shovel":603,"minecraft:iron_pickaxe":401,"minecraft:stone_slab":187,"minecraft:spruce_sapling":207,"minecraft:stone_axe":7,"minecraft:cobblestone":173,"minecraft:white_banner":1,"minecraft:bucket":9,"minecraft:yellow_bed":1},"minecraft:mined":{"minecraft:spruce_planks":1,"minecraft:white_bed":3,"minecraft:farmland":2,"minecraft:brewing_stand":1,"minecraft:granite":26,"minecraft:acacia_log":84,"minecraft:grass_block":24,"minecraft:iron_ore":208,"minecraft:fire":1,"minecraft:fletching_table":12,"minecraft:spruce_slab":2,"minecraft:torch":1,"minecraft:blast_furnace":2,"minecraft:poppy":1,"minecraft:chest":3,"minecraft:cobblestone":136,"minecraft:grindstone":1,"minecraft:wheat":11,"minecraft:grass":129,"minecraft:oak_log":55,"minecraft:beetroots":2,"minecraft:sand":535,"minecraft:dirt":51,"minecraft:diamond_ore":53,"minecraft:mossy_cobblestone":4,"minecraft:dark_oak_log":129,"minecraft:spruce_leaves":55,"minecraft:sandstone":8,"minecraft:hay_block":21,"minecraft:redstone_ore":3,"minecraft:spruce_sapling":19,"minecraft:carrots":12,"minecraft:acacia_trapdoor":9,"minecraft:andesite":73,"minecraft:stripped_spruce_log":4,"minecraft:potatoes":3,"minecraft:stripped_oak_log":1,"minecraft:stone":633,"minecraft:dandelion":4,"minecraft:crafting_table":1,"minecraft:lectern":56,"minecraft:stone_slab":7,"minecraft:tall_grass":27,"minecraft:diorite":17,"minecraft:spruce_log":3027,"minecraft:yellow_bed":1,"minecraft:grass_path":6,"minecraft:coal_ore":241,"minecraft:gravel":50,"minecraft:cobweb":4},"minecraft:dropped":{"minecraft:iron_sword":1,"minecraft:diamond_axe":1,"minecraft:oak_log":6,"minecraft:glass_bottle":6,"minecraft:cooked_porkchop":1,"minecraft:emerald":21,"minecraft:flint":1,"minecraft:dirt":96,"minecraft:dark_oak_log":64,"minecraft:wooden_sword":1,"minecraft:sand":443,"minecraft:iron_pickaxe":7,"minecraft:white_wool":9,"minecraft:bone":2,"minecraft:stone_axe":39,"minecraft:rotten_flesh":8,"minecraft:oak_planks":1,"minecraft:glowstone_dust":2,"minecraft:azure_bluet":2,"minecraft:chainmail_chestplate":4,"minecraft:poppy":4,"minecraft:tipped_arrow":15,"minecraft:chainmail_boots":1,"minecraft:acacia_sapling":4,"minecraft:spruce_slab":6,"minecraft:arrow":37,"minecraft:stone_hoe":4,"minecraft:iron_ingot":2,"minecraft:stripped_spruce_log":6,"minecraft:wheat_seeds":29,"minecraft:golden_axe":4,"minecraft:iron_helmet":1,"minecraft:cobblestone":223,"minecraft:lead":4,"minecraft:book":1,"minecraft:apple":18,"minecraft:granite":20,"minecraft:chainmail_helmet":4,"minecraft:acacia_log":1,"minecraft:grass_block":2,"minecraft:acacia_trapdoor":11,"minecraft:stick":50,"minecraft:oxeye_daisy":6,"minecraft:gray_wool":3,"minecraft:diorite":15,"minecraft:torch":6,"minecraft:brown_wool":1,"minecraft:iron_leggings":4,"minecraft:iron_axe":16,"minecraft:iron_shovel":2,"minecraft:string":8,"minecraft:bucket":1,"minecraft:spruce_sapling":67,"minecraft:dandelion":3,"minecraft:stone_sword":1,"minecraft:stone_shovel":49,"minecraft:light_gray_wool":1,"minecraft:iron_boots":2,"minecraft:stripped_oak_log":1,"minecraft:potato":37,"minecraft:spruce_planks":13,"minecraft:andesite":26,"minecraft:iron_chestplate":1,"minecraft:diamond_pickaxe":1,"minecraft:oak_sapling":3,"minecraft:wooden_shovel":1,"minecraft:spider_eye":14,"minecraft:spruce_log":116,"minecraft:sandstone":8,"minecraft:bow":3,"minecraft:stone_pickaxe":4,"minecraft:wooden_pickaxe":1,"minecraft:black_wool":2},"minecraft:custom":{"minecraft:interact_with_crafting_table":54,"minecraft:bell_ring":7,"minecraft:leave_game":21,"minecraft:time_since_death":80048,"minecraft:sprint_one_cm":1234648,"minecraft:drop":659,"minecraft:talked_to_villager":698,"minecraft:deaths":8,"minecraft:jump":9186,"minecraft:walk_on_water_one_cm":39660,"minecraft:enchant_item":3,"minecraft:interact_with_furnace":187,"minecraft:traded_with_villager":967,"minecraft:play_one_minute":544556,"minecraft:sleep_in_bed":39,"minecraft:damage_dealt":28217,"minecraft:player_kills":1,"minecraft:crouch_one_cm":12664,"minecraft:horse_one_cm":811,"minecraft:interact_with_smithing_table":2,"minecraft:mob_kills":192,"minecraft:interact_with_anvil":6,"minecraft:inspect_hopper":1,"minecraft:climb_one_cm":57016,"minecraft:walk_one_cm":1595583,"minecraft:raid_win":1,"minecraft:sneak_time":4968,"minecraft:walk_under_water_one_cm":6751,"minecraft:boat_one_cm":45046,"minecraft:interact_with_blast_furnace":22,"minecraft:raid_trigger":1,"minecraft:interact_with_grindstone":4,"minecraft:interact_with_stonecutter":3,"minecraft:time_since_rest":16045,"minecraft:damage_taken":7602,"minecraft:swim_one_cm":18752,"minecraft:fly_one_cm":1885177,"minecraft:open_chest":155,"minecraft:fall_one_cm":276549},"minecraft:crafted":{"minecraft:oak_planks":192,"minecraft:stone":89,"minecraft:diamond_shovel":1,"minecraft:cooked_mutton":31,"minecraft:diamond_helmet":1,"minecraft:diamond_leggings":1,"minecraft:iron_boots":11,"minecraft:chest":1,"minecraft:wooden_shovel":1,"minecraft:emerald":850,"minecraft:cooked_porkchop":43,"minecraft:diamond_axe":1,"minecraft:crafting_table":2,"minecraft:spruce_planks":12000,"minecraft:wooden_pickaxe":1,"minecraft:iron_helmet":1,"minecraft:smithing_table":1,"minecraft:fletching_table":3,"minecraft:book":8,"minecraft:iron_chestplate":1,"minecraft:diamond_pickaxe":1,"minecraft:stick":25297,"minecraft:iron_ingot":255,"minecraft:iron_pickaxe":11,"minecraft:iron_block":3,"minecraft:stone_sword":1,"minecraft:wooden_sword":1,"minecraft:stone_shovel":42,"minecraft:furnace":1,"minecraft:bone_meal":45,"minecraft:diamond_block":1,"minecraft:iron_axe":17,"minecraft:spruce_slab":6,"minecraft:stone_pickaxe":1,"minecraft:diamond_boots":1,"minecraft:dark_oak_planks":256,"minecraft:wheat":189,"minecraft:cooked_beef":70,"minecraft:diamond_sword":1,"minecraft:iron_sword":1,"minecraft:acacia_trapdoor":6,"minecraft:bucket":2,"minecraft:stone_axe":31,"minecraft:enchanted_book":8,"minecraft:bread":21,"minecraft:air":0,"minecraft:oak_boat":1,"minecraft:wooden_axe":1,"minecraft:iron_shovel":1,"minecraft:iron_leggings":1,"minecraft:anvil":1,"minecraft:white_bed":1,"minecraft:acacia_planks":304,"minecraft:diamond_chestplate":1},"minecraft:broken":{"minecraft:wooden_axe":1,"minecraft:iron_axe":3,"minecraft:iron_pickaxe":1},"minecraft:killed_by":{"minecraft:creeper":1,"minecraft:zombie":1,"minecraft:player":2},"minecraft:killed":{"minecraft:witch":2,"minecraft:spider":48,"minecraft:skeleton":17,"minecraft:pig":33,"minecraft:creeper":1,"minecraft:sheep":26,"minecraft:pillager":8,"minecraft:zombie":19,"minecraft:cow":32,"minecraft:evoker":1,"minecraft:ravager":1,"minecraft:villager":1,"minecraft:enderman":3},"minecraft:picked_up":{"minecraft:wheat":9,"minecraft:chainmail_boots":1,"minecraft:lead":4,"minecraft:stone_slab":9,"minecraft:smithing_table":1,"minecraft:diamond_sword":1,"minecraft:brewing_stand":1,"minecraft:string":14,"minecraft:iron_leggings":3,"minecraft:beetroot":2,"minecraft:diamond_leggings":2,"minecraft:bucket":1,"minecraft:spruce_planks":57,"minecraft:iron_pickaxe":2,"minecraft:iron_boots":3,"minecraft:tipped_arrow":15,"minecraft:stick":136,"minecraft:composter":4,"minecraft:torch":8,"minecraft:acacia_log":79,"minecraft:porkchop":68,"minecraft:golden_axe":4,"minecraft:diorite":38,"minecraft:stone_sword":1,"minecraft:rotten_flesh":11,"minecraft:music_disc_ward":1,"minecraft:cobblestone":930,"minecraft:cooked_beef":18,"minecraft:andesite":111,"minecraft:brown_wool":3,"minecraft:potato":48,"minecraft:flint":6,"minecraft:lapis_lazuli":89,"minecraft:dirt":193,"minecraft:bone":11,"minecraft:acacia_planks":32,"minecraft:bow":4,"minecraft:wheat_seeds":61,"minecraft:grindstone":1,"minecraft:fletching_table":13,"minecraft:diamond_helmet":1,"minecraft:glowstone_dust":2,"minecraft:stone_hoe":4,"minecraft:cooked_porkchop":59,"minecraft:sand":443,"minecraft:stripped_spruce_log":6,"minecraft:grass_block":2,"minecraft:dark_oak_log":256,"minecraft:mossy_cobblestone":4,"minecraft:diamond":97,"minecraft:granite":56,"minecraft:bone_meal":30,"minecraft:chainmail_helmet":4,"minecraft:emerald":137,"minecraft:oak_sapling":3,"minecraft:diamond_pickaxe":2,"minecraft:crafting_table":1,"minecraft:azure_bluet":2,"minecraft:oak_trapdoor":1,"minecraft:iron_axe":3,"minecraft:iron_shovel":1,"minecraft:beef":62,"minecraft:oak_boat":2,"minecraft:spruce_slab":2,"minecraft:light_gray_wool":7,"minecraft:poppy":5,"minecraft:lectern":57,"minecraft:chest":3,"minecraft:sugar_cane":39,"minecraft:egg":1,"minecraft:sandstone":8,"minecraft:carrot":34,"minecraft:redstone":243,"minecraft:arrow":40,"minecraft:stone_shovel":9,"minecraft:diamond_chestplate":1,"minecraft:beetroot_seeds":5,"minecraft:diamond_boots":1,"minecraft:hay_block":41,"minecraft:totem_of_undying":1,"minecraft:mutton":40,"minecraft:white_wool":26,"minecraft:oxeye_daisy":6,"minecraft:stripped_oak_log":1,"minecraft:leather":66,"minecraft:oak_log":54,"minecraft:chainmail_chestplate":4,"minecraft:yellow_bed":1,"minecraft:gunpowder":2,"minecraft:white_banner":2,"minecraft:cooked_mutton":27,"minecraft:apple":43,"minecraft:acacia_trapdoor":16,"minecraft:stone_pickaxe":4,"minecraft:iron_ore":271,"minecraft:glass_bottle":6,"minecraft:acacia_sapling":4,"minecraft:book":17,"minecraft:dandelion":4,"minecraft:gravel":44,"minecraft:spruce_sapling":282,"minecraft:blast_furnace":2,"minecraft:white_bed":4,"minecraft:spruce_log":3557,"minecraft:gold_ore":48,"minecraft:spider_eye":14,"minecraft:diamond_shovel":1,"minecraft:stone_axe":8,"minecraft:diamond_axe":2,"minecraft:gray_wool":3,"minecraft:black_wool":3,"minecraft:coal":261,"minecraft:ender_pearl":1}},"DataVersion":2586}