{"stats":{"minecraft:used":{"minecraft:iron_shovel":13,"minecraft:acacia_log":2,"minecraft:chest":3,"minecraft:spruce_planks":1,"minecraft:iron_sword":217,"minecraft:brewing_stand":1,"minecraft:dirt":7,"minecraft:carrot":5,"minecraft:wooden_axe":32,"minecraft:lava_bucket":4,"minecraft:iron_axe":1204,"minecraft:furnace":1,"minecraft:egg":1,"minecraft:cooked_beef":22,"minecraft:cooked_mutton":13,"minecraft:water_bucket":3,"minecraft:acacia_trapdoor":10,"minecraft:stone_pickaxe":103,"minecraft:wooden_pickaxe":9,"minecraft:diamond_axe":196,"minecraft:fletching_table":6,"minecraft:crafting_table":1,"minecraft:blast_furnace":1,"minecraft:white_bed":4,"minecraft:spruce_log":9,"minecraft:bread":21,"minecraft:iron_pickaxe":259,"minecraft:spruce_sapling":83,"minecraft:stone_slab":187,"minecraft:stone_axe":7,"minecraft:wooden_sword":9,"minecraft:cobblestone":25,"minecraft:grindstone":1,"minecraft:smithing_table":1,"minecraft:andesite":2,"minecraft:bucket":7,"minecraft:oak_boat":1,"minecraft:bone_meal":15},"minecraft:mined":{"minecraft:spruce_planks":1,"minecraft:white_bed":3,"minecraft:farmland":1,"minecraft:dark_oak_log":129,"minecraft:brewing_stand":1,"minecraft:granite":15,"minecraft:acacia_log":82,"minecraft:grass_block":21,"minecraft:spruce_leaves":17,"minecraft:hay_block":21,"minecraft:spruce_sapling":7,"minecraft:carrots":12,"minecraft:acacia_trapdoor":7,"minecraft:iron_ore":59,"minecraft:fire":1,"minecraft:andesite":19,"minecraft:stripped_spruce_log":3,"minecraft:fletching_table":4,"minecraft:potatoes":3,"minecraft:stripped_oak_log":1,"minecraft:stone":98,"minecraft:dandelion":4,"minecraft:blast_furnace":1,"minecraft:chest":3,"minecraft:stone_slab":7,"minecraft:tall_grass":18,"minecraft:cobblestone":87,"minecraft:grindstone":1,"minecraft:diorite":8,"minecraft:wheat":11,"minecraft:spruce_log":1101,"minecraft:grass_path":6,"minecraft:grass":75,"minecraft:oak_log":48,"minecraft:coal_ore":65,"minecraft:beetroots":2,"minecraft:dirt":15},"minecraft:dropped":{"minecraft:stripped_spruce_log":5,"minecraft:wheat_seeds":16,"minecraft:cobblestone":69,"minecraft:apple":18,"minecraft:granite":15,"minecraft:acacia_trapdoor":6,"minecraft:acacia_log":1,"minecraft:grass_block":2,"minecraft:emerald":18,"minecraft:stick":14,"minecraft:oxeye_daisy":6,"minecraft:dirt":49,"minecraft:gray_wool":2,"minecraft:dark_oak_log":64,"minecraft:diorite":10,"minecraft:brown_wool":1,"minecraft:iron_leggings":2,"minecraft:wooden_sword":1,"minecraft:iron_axe":15,"minecraft:iron_pickaxe":5,"minecraft:iron_shovel":2,"minecraft:string":2,"minecraft:bucket":1,"minecraft:spruce_sapling":4,"minecraft:dandelion":3,"minecraft:stone_axe":33,"minecraft:stone_sword":1,"minecraft:stone_shovel":47,"minecraft:rotten_flesh":3,"minecraft:stripped_oak_log":1,"minecraft:azure_bluet":2,"minecraft:poppy":1,"minecraft:andesite":19,"minecraft:wooden_shovel":1,"minecraft:oak_sapling":1,"minecraft:acacia_sapling":3,"minecraft:spider_eye":1,"minecraft:spruce_log":3,"minecraft:bow":3,"minecraft:arrow":6,"minecraft:wooden_pickaxe":1,"minecraft:stone_pickaxe":1},"minecraft:custom":{"minecraft:mob_kills":86,"minecraft:interact_with_crafting_table":40,"minecraft:bell_ring":7,"minecraft:leave_game":16,"minecraft:time_since_death":217693,"minecraft:climb_one_cm":28620,"minecraft:sprint_one_cm":693027,"minecraft:walk_one_cm":701847,"minecraft:drop":235,"minecraft:talked_to_villager":108,"minecraft:deaths":7,"minecraft:sneak_time":2030,"minecraft:walk_under_water_one_cm":4495,"minecraft:boat_one_cm":45046,"minecraft:jump":4996,"minecraft:interact_with_blast_furnace":9,"minecraft:walk_on_water_one_cm":21237,"minecraft:interact_with_furnace":95,"minecraft:traded_with_villager":385,"minecraft:play_one_minute":255611,"minecraft:interact_with_stonecutter":2,"minecraft:sleep_in_bed":18,"minecraft:time_since_rest":11520,"minecraft:damage_taken":4215,"minecraft:damage_dealt":11103,"minecraft:player_kills":1,"minecraft:swim_one_cm":15494,"minecraft:fly_one_cm":1131103,"minecraft:open_chest":107,"minecraft:crouch_one_cm":7011,"minecraft:fall_one_cm":155051,"minecraft:horse_one_cm":811},"minecraft:crafted":{"minecraft:wooden_sword":1,"minecraft:oak_planks":188,"minecraft:stone_shovel":42,"minecraft:furnace":1,"minecraft:stone":89,"minecraft:bone_meal":33,"minecraft:diamond_shovel":1,"minecraft:cooked_mutton":13,"minecraft:diamond_leggings":1,"minecraft:iron_boots":11,"minecraft:iron_axe":17,"minecraft:stone_pickaxe":1,"minecraft:dark_oak_planks":256,"minecraft:wheat":189,"minecraft:cooked_beef":50,"minecraft:wooden_shovel":1,"minecraft:emerald":281,"minecraft:cooked_porkchop":43,"minecraft:diamond_axe":1,"minecraft:crafting_table":1,"minecraft:spruce_planks":3612,"minecraft:iron_helmet":1,"minecraft:wooden_pickaxe":1,"minecraft:iron_sword":1,"minecraft:acacia_trapdoor":6,"minecraft:smithing_table":1,"minecraft:fletching_table":1,"minecraft:bucket":2,"minecraft:stone_axe":31,"minecraft:bread":21,"minecraft:air":0,"minecraft:oak_boat":1,"minecraft:iron_chestplate":1,"minecraft:stick":8512,"minecraft:iron_ingot":105,"minecraft:iron_pickaxe":11,"minecraft:wooden_axe":1,"minecraft:stone_sword":1,"minecraft:iron_shovel":1,"minecraft:iron_leggings":1,"minecraft:white_bed":1,"minecraft:acacia_planks":304},"minecraft:broken":{"minecraft:iron_axe":3,"minecraft:iron_pickaxe":1,"minecraft:wooden_axe":1},"minecraft:killed_by":{"minecraft:player":2,"minecraft:creeper":1,"minecraft:zombie":1},"minecraft:killed":{"minecraft:spider":5,"minecraft:skeleton":5,"minecraft:pig":21,"minecraft:sheep":15,"minecraft:zombie":11,"minecraft:enderman":2,"minecraft:cow":27},"minecraft:picked_up":{"minecraft:wheat":9,"minecraft:azure_bluet":2,"minecraft:smithing_table":1,"minecraft:stone_slab":9,"minecraft:brewing_stand":1,"minecraft:string":6,"minecraft:oak_trapdoor":1,"minecraft:iron_axe":2,"minecraft:iron_leggings":1,"minecraft:iron_shovel":1,"minecraft:beetroot":2,"minecraft:diamond_leggings":1,"minecraft:spruce_planks":9,"minecraft:beef":50,"minecraft:oak_boat":2,"minecraft:poppy":2,"minecraft:iron_pickaxe":2,"minecraft:light_gray_wool":6,"minecraft:lectern":1,"minecraft:sugar_cane":39,"minecraft:chest":3,"minecraft:iron_boots":2,"minecraft:egg":1,"minecraft:stick":57,"minecraft:composter":4,"minecraft:acacia_log":79,"minecraft:porkchop":43,"minecraft:diorite":28,"minecraft:carrot":34,"minecraft:redstone":230,"minecraft:stone_sword":1,"minecraft:arrow":9,"minecraft:stone_shovel":7,"minecraft:rotten_flesh":6,"minecraft:beetroot_seeds":5,"minecraft:music_disc_ward":1,"minecraft:hay_block":41,"minecraft:mutton":22,"minecraft:white_wool":17,"minecraft:cobblestone":353,"minecraft:oxeye_daisy":6,"minecraft:stripped_oak_log":1,"minecraft:cooked_beef":1,"minecraft:andesite":57,"minecraft:brown_wool":3,"minecraft:leather":58,"minecraft:potato":10,"minecraft:oak_log":47,"minecraft:gunpowder":2,"minecraft:lapis_lazuli":89,"minecraft:dirt":106,"minecraft:cooked_mutton":9,"minecraft:bone":5,"minecraft:acacia_planks":32,"minecraft:apple":43,"minecraft:bow":4,"minecraft:wheat_seeds":48,"minecraft:acacia_trapdoor":13,"minecraft:grindstone":1,"minecraft:stone_pickaxe":1,"minecraft:iron_ore":123,"minecraft:fletching_table":5,"minecraft:acacia_sapling":3,"minecraft:book":16,"minecraft:cooked_porkchop":16,"minecraft:dandelion":4,"minecraft:stripped_spruce_log":5,"minecraft:spruce_sapling":94,"minecraft:blast_furnace":1,"minecraft:grass_block":2,"minecraft:white_bed":4,"minecraft:spruce_log":1160,"minecraft:gold_ore":48,"minecraft:dark_oak_log":256,"minecraft:spider_eye":1,"minecraft:stone_axe":2,"minecraft:granite":45,"minecraft:gray_wool":2,"minecraft:emerald":29,"minecraft:oak_sapling":1,"minecraft:black_wool":1,"minecraft:coal":65,"minecraft:ender_pearl":1}},"DataVersion":2586}