{"stats":{"minecraft:killed_by":{"minecraft:player":1},"minecraft:mined":{"minecraft:grass":1},"minecraft:custom":{"minecraft:jump":145,"minecraft:time_since_rest":1554,"minecraft:damage_dealt":290,"minecraft:play_one_minute":9046,"minecraft:leave_game":1,"minecraft:deaths":1,"minecraft:sprint_one_cm":9433,"minecraft:damage_taken":239,"minecraft:time_since_death":1514,"minecraft:walk_one_cm":19512,"minecraft:fall_one_cm":5822,"minecraft:fly_one_cm":16501,"minecraft:player_kills":1}},"DataVersion":2586}