{"stats":{"minecraft:used":{"minecraft:iron_shovel":283,"minecraft:oak_sign":13,"minecraft:ladder":9,"minecraft:poppy":5,"minecraft:white_concrete_powder":640,"minecraft:chest":22,"minecraft:iron_sword":573,"minecraft:bell":7,"minecraft:rotten_flesh":7,"minecraft:mutton":5,"minecraft:carrot":27,"minecraft:azure_bluet":1,"minecraft:lantern":32,"minecraft:grass_block":1,"minecraft:birch_sapling":25,"minecraft:stone_bricks":6,"minecraft:golden_sword":1,"minecraft:oak_sapling":2,"minecraft:furnace":10,"minecraft:egg":2,"minecraft:potato":139,"minecraft:diorite":121,"minecraft:spruce_door":3,"minecraft:acacia_trapdoor":5,"minecraft:oak_planks":42,"minecraft:polished_diorite_slab":7,"minecraft:sandstone":1,"minecraft:composter":1,"minecraft:sugar_cane":104,"minecraft:diamond_axe":4298,"minecraft:white_wool":4,"minecraft:sand":79,"minecraft:blast_furnace":2,"minecraft:acacia_door":1,"minecraft:bread":139,"minecraft:gravel":1,"minecraft:diamond_sword":698,"minecraft:grindstone":6,"minecraft:smithing_table":1,"minecraft:andesite":8,"minecraft:birch_log":1,"minecraft:oak_boat":2,"minecraft:white_concrete":701,"minecraft:bone_meal":6,"minecraft:diorite_slab":8,"minecraft:oak_trapdoor":7,"minecraft:enchanting_table":2,"minecraft:acacia_log":9,"minecraft:stone_shovel":104,"minecraft:spruce_planks":162,"minecraft:cooked_chicken":1,"minecraft:oak_door":2,"minecraft:torch":218,"minecraft:brewing_stand":2,"minecraft:dirt":83,"minecraft:anvil":2,"minecraft:spruce_stairs":46,"minecraft:cobblestone_wall":3,"minecraft:granite":57,"minecraft:iron_hoe":10,"minecraft:wooden_axe":35,"minecraft:bookshelf":16,"minecraft:iron_block":5,"minecraft:iron_axe":898,"minecraft:beef":12,"minecraft:cooked_beef":5,"minecraft:acacia_planks":10,"minecraft:cooked_mutton":3,"minecraft:water_bucket":73,"minecraft:iron_ore":1,"minecraft:baked_potato":59,"minecraft:spruce_sign":21,"minecraft:fletching_table":10,"minecraft:stonecutter":21,"minecraft:cobblestone_slab":7,"minecraft:mossy_cobblestone":20,"minecraft:diamond_block":1,"minecraft:oak_slab":8,"minecraft:crafting_table":16,"minecraft:white_bed":28,"minecraft:smoker":2,"minecraft:spruce_log":17,"minecraft:oak_log":11,"minecraft:diamond_pickaxe":2822,"minecraft:apple":3,"minecraft:oxeye_daisy":1,"minecraft:diamond_shovel":1180,"minecraft:iron_pickaxe":658,"minecraft:spruce_sapling":262,"minecraft:cobblestone":430,"minecraft:porkchop":5,"minecraft:cooked_porkchop":4,"minecraft:bucket":75,"minecraft:grass_path":8,"minecraft:yellow_bed":22},"minecraft:mined":{"minecraft:spruce_planks":11,"minecraft:white_bed":23,"minecraft:brewing_stand":2,"minecraft:granite":115,"minecraft:acacia_log":88,"minecraft:grass_block":5,"minecraft:white_concrete":707,"minecraft:oak_pressure_plate":1,"minecraft:composter":5,"minecraft:hopper":9,"minecraft:oak_wall_sign":3,"minecraft:oxeye_daisy":1,"minecraft:spawner":1,"minecraft:iron_ore":196,"minecraft:anvil":1,"minecraft:fletching_table":11,"minecraft:azure_bluet":1,"minecraft:enchanting_table":1,"minecraft:oak_sign":1,"minecraft:oak_stairs":1,"minecraft:iron_block":5,"minecraft:torch":37,"minecraft:blast_furnace":2,"minecraft:chest":7,"minecraft:dead_bush":1,"minecraft:polished_diorite_slab":5,"minecraft:cobblestone":280,"minecraft:grindstone":5,"minecraft:oak_planks":44,"minecraft:sugar_cane":197,"minecraft:wall_torch":104,"minecraft:birch_sapling":1,"minecraft:seagrass":1,"minecraft:birch_log":71,"minecraft:wheat":38,"minecraft:grass":70,"minecraft:oak_log":202,"minecraft:beetroots":3,"minecraft:sand":870,"minecraft:dirt":173,"minecraft:stonecutter":22,"minecraft:oak_leaves":37,"minecraft:diamond_ore":8,"minecraft:crying_obsidian":1,"minecraft:mossy_cobblestone":18,"minecraft:oak_door":2,"minecraft:ladder":2,"minecraft:spruce_fence":1,"minecraft:spruce_leaves":96,"minecraft:sandstone":1,"minecraft:hay_block":26,"minecraft:diorite_slab":5,"minecraft:redstone_ore":33,"minecraft:oak_trapdoor":5,"minecraft:spruce_sapling":8,"minecraft:carrots":15,"minecraft:acacia_trapdoor":6,"minecraft:andesite":33,"minecraft:diamond_block":2,"minecraft:stripped_spruce_log":2,"minecraft:gold_block":1,"minecraft:bell":7,"minecraft:bookshelf":5,"minecraft:potatoes":66,"minecraft:cobblestone_slab":9,"minecraft:lantern":15,"minecraft:stone":1574,"minecraft:white_wool":4,"minecraft:smithing_table":2,"minecraft:oak_slab":1,"minecraft:acacia_leaves":7,"minecraft:spruce_door":1,"minecraft:oak_fence":1,"minecraft:crafting_table":11,"minecraft:lectern":1,"minecraft:tall_grass":21,"minecraft:lapis_ore":17,"minecraft:diorite":174,"minecraft:spruce_stairs":8,"minecraft:cobblestone_wall":3,"minecraft:spruce_log":4446,"minecraft:yellow_bed":17,"minecraft:grass_path":1,"minecraft:coal_ore":136,"minecraft:gravel":601,"minecraft:cobweb":2,"minecraft:acacia_planks":1,"minecraft:stone_bricks":6,"minecraft:gold_ore":31},"minecraft:dropped":{"minecraft:spruce_sign":3,"minecraft:iron_sword":5,"minecraft:diamond_axe":3,"minecraft:lapis_lazuli":76,"minecraft:oak_pressure_plate":1,"minecraft:baked_potato":10,"minecraft:glass_bottle":8,"minecraft:diamond":1,"minecraft:crafting_table":4,"minecraft:crossbow":1,"minecraft:lantern":83,"minecraft:fletching_table":1,"minecraft:saddle":1,"minecraft:dirt":49,"minecraft:gold_nugget":1,"minecraft:sand":270,"minecraft:sugar":1,"minecraft:iron_pickaxe":5,"minecraft:white_wool":3,"minecraft:diorite_slab":3,"minecraft:bone":30,"minecraft:gravel":5,"minecraft:white_tulip":1,"minecraft:stone_axe":71,"minecraft:sugar_cane":1,"minecraft:rotten_flesh":58,"minecraft:oak_planks":24,"minecraft:glowstone_dust":1,"minecraft:carrot":31,"minecraft:chainmail_chestplate":32,"minecraft:poppy":6,"minecraft:tipped_arrow":616,"minecraft:gunpowder":4,"minecraft:beetroot_seeds":5,"minecraft:melon_seeds":8,"minecraft:hopper":3,"minecraft:acacia_sapling":3,"minecraft:chainmail_boots":89,"minecraft:arrow":1817,"minecraft:beef":16,"minecraft:stone_brick_stairs":6,"minecraft:lectern":1,"minecraft:enchanted_book":1,"minecraft:stone_hoe":2,"minecraft:iron_ingot":9,"minecraft:bread":20,"minecraft:wheat_seeds":103,"minecraft:bookshelf":1,"minecraft:iron_helmet":1,"minecraft:oak_fence":1,"minecraft:golden_axe":12,"minecraft:cobblestone":130,"minecraft:book":11,"minecraft:apple":18,"minecraft:granite":8,"minecraft:spruce_door":1,"minecraft:spruce_stairs":6,"minecraft:chainmail_helmet":5,"minecraft:acacia_trapdoor":1,"minecraft:coal":11,"minecraft:stick":2,"minecraft:diorite":34,"minecraft:iron_leggings":2,"minecraft:oak_stairs":1,"minecraft:iron_axe":6,"minecraft:cactus":3,"minecraft:chainmail_leggings":24,"minecraft:paper":4,"minecraft:string":38,"minecraft:bucket":3,"minecraft:spruce_sapling":71,"minecraft:dandelion":2,"minecraft:redstone":2,"minecraft:oak_trapdoor":4,"minecraft:cobblestone_wall":5,"minecraft:stone_shovel":29,"minecraft:white_carpet":6,"minecraft:iron_boots":21,"minecraft:oak_sign":8,"minecraft:diamond_sword":1,"minecraft:potato":258,"minecraft:cobblestone_slab":69,"minecraft:spruce_boat":1,"minecraft:iron_chestplate":1,"minecraft:andesite":32,"minecraft:golden_leggings":1,"minecraft:oak_sapling":28,"minecraft:spider_eye":35,"minecraft:diamond_boots":1,"minecraft:spruce_log":65,"minecraft:bow":387,"minecraft:stone_pickaxe":7,"minecraft:wooden_pickaxe":10,"minecraft:black_wool":2},"minecraft:custom":{"minecraft:interact_with_crafting_table":156,"minecraft:bell_ring":68,"minecraft:leave_game":28,"minecraft:time_since_death":574564,"minecraft:sprint_one_cm":1986616,"minecraft:drop":1111,"minecraft:talked_to_villager":953,"minecraft:deaths":6,"minecraft:jump":16445,"minecraft:interact_with_brewingstand":3,"minecraft:walk_on_water_one_cm":192950,"minecraft:enchant_item":52,"minecraft:interact_with_furnace":106,"minecraft:traded_with_villager":2040,"minecraft:play_one_minute":860963,"minecraft:sleep_in_bed":34,"minecraft:damage_dealt":94583,"minecraft:player_kills":7,"minecraft:crouch_one_cm":113375,"minecraft:interact_with_smoker":6,"minecraft:interact_with_smithing_table":1,"minecraft:interact_with_anvil":19,"minecraft:mob_kills":486,"minecraft:inspect_hopper":2,"minecraft:climb_one_cm":100684,"minecraft:walk_one_cm":2338069,"minecraft:raid_win":1,"minecraft:sneak_time":50980,"minecraft:walk_under_water_one_cm":58130,"minecraft:boat_one_cm":90661,"minecraft:interact_with_blast_furnace":32,"minecraft:interact_with_stonecutter":4,"minecraft:interact_with_grindstone":65,"minecraft:time_since_rest":3828,"minecraft:damage_taken":7943,"minecraft:swim_one_cm":78302,"minecraft:fly_one_cm":3112680,"minecraft:open_chest":502,"minecraft:fall_one_cm":382483},"minecraft:crafted":{"minecraft:grindstone":1,"minecraft:oak_planks":772,"minecraft:oak_sign":15,"minecraft:white_tulip":1,"minecraft:cooked_chicken":1,"minecraft:stone":32,"minecraft:diamond_shovel":1,"minecraft:bookshelf":18,"minecraft:cooked_mutton":7,"minecraft:bow":282,"minecraft:diamond_helmet":2,"minecraft:diamond_leggings":2,"minecraft:iron_boots":12,"minecraft:tipped_arrow":595,"minecraft:chest":9,"minecraft:golden_sword":1,"minecraft:golden_boots":1,"minecraft:smoker":2,"minecraft:oak_slab":12,"minecraft:emerald":1233,"minecraft:arrow":1728,"minecraft:cooked_porkchop":7,"minecraft:diamond_axe":2,"minecraft:crafting_table":5,"minecraft:spruce_planks":17464,"minecraft:iron_helmet":1,"minecraft:baked_potato":60,"minecraft:spruce_door":3,"minecraft:chainmail_chestplate":24,"minecraft:fletching_table":1,"minecraft:birch_planks":280,"minecraft:iron_chestplate":1,"minecraft:book":46,"minecraft:paper":306,"minecraft:diamond_pickaxe":2,"minecraft:stick":36804,"minecraft:stone_slab":6,"minecraft:iron_ingot":271,"minecraft:iron_pickaxe":4,"minecraft:iron_block":11,"minecraft:acacia_door":3,"minecraft:gold_ingot":49,"minecraft:stone_shovel":26,"minecraft:furnace":11,"minecraft:bone_meal":108,"minecraft:white_carpet":6,"minecraft:oak_trapdoor":6,"minecraft:lantern":108,"minecraft:diamond":9,"minecraft:spruce_stairs":44,"minecraft:white_concrete_powder":640,"minecraft:iron_axe":4,"minecraft:ladder":6,"minecraft:iron_hoe":1,"minecraft:cobblestone_wall":6,"minecraft:diamond_boots":3,"minecraft:dark_oak_planks":256,"minecraft:chainmail_leggings":23,"minecraft:wheat":234,"minecraft:cooked_beef":10,"minecraft:diamond_sword":2,"minecraft:spruce_sign":24,"minecraft:enchanting_table":1,"minecraft:iron_sword":3,"minecraft:bucket":3,"minecraft:stone_axe":24,"minecraft:enchanted_book":7,"minecraft:bread":123,"minecraft:air":0,"minecraft:oak_boat":1,"minecraft:white_wool":4,"minecraft:white_dye":80,"minecraft:chainmail_boots":59,"minecraft:wooden_axe":1,"minecraft:iron_shovel":3,"minecraft:iron_leggings":1,"minecraft:anvil":1,"minecraft:acacia_planks":276,"minecraft:torch":156,"minecraft:diorite_slab":6,"minecraft:diamond_chestplate":3},"minecraft:killed_by":{"minecraft:creeper":3,"minecraft:player":1,"minecraft:spider":1},"minecraft:broken":{"minecraft:iron_shovel":1,"minecraft:iron_chestplate":1,"minecraft:wooden_axe":1,"minecraft:iron_axe":4,"minecraft:iron_pickaxe":1,"minecraft:iron_helmet":1},"minecraft:killed":{"minecraft:cave_spider":1,"minecraft:witch":3,"minecraft:spider":300,"minecraft:skeleton":48,"minecraft:pig":3,"minecraft:iron_golem":10,"minecraft:creeper":13,"minecraft:sheep":4,"minecraft:trader_llama":2,"minecraft:pillager":9,"minecraft:zombie":67,"minecraft:cow":9,"minecraft:vindicator":6,"minecraft:horse":5,"minecraft:husk":3,"minecraft:ravager":1,"minecraft:enderman":2},"minecraft:picked_up":{"minecraft:iron_chestplate":6,"minecraft:wheat":22,"minecraft:chainmail_boots":30,"minecraft:anvil":1,"minecraft:smithing_table":2,"minecraft:lead":2,"minecraft:diamond_sword":1,"minecraft:oak_stairs":1,"minecraft:enchanted_book":1,"minecraft:stone_brick_stairs":6,"minecraft:brewing_stand":2,"minecraft:string":61,"minecraft:iron_leggings":3,"minecraft:oak_sign":6,"minecraft:beetroot":1,"minecraft:diamond_leggings":1,"minecraft:gold_nugget":1,"minecraft:bucket":3,"minecraft:spruce_planks":16,"minecraft:cobblestone_slab":70,"minecraft:iron_pickaxe":8,"minecraft:iron_boots":3,"minecraft:furnace":1,"minecraft:tipped_arrow":21,"minecraft:stick":416,"minecraft:composter":17,"minecraft:oak_fence":1,"minecraft:torch":161,"minecraft:acacia_log":86,"minecraft:spruce_stairs":8,"minecraft:porkchop":7,"minecraft:golden_axe":12,"minecraft:diorite":184,"minecraft:cactus":3,"minecraft:rotten_flesh":74,"minecraft:music_disc_ward":2,"minecraft:iron_block":5,"minecraft:bookshelf":1,"minecraft:cobblestone":2325,"minecraft:birch_log":71,"minecraft:enchanting_table":1,"minecraft:polished_diorite_slab":5,"minecraft:cooked_beef":4,"minecraft:water_bucket":4,"minecraft:andesite":69,"minecraft:golden_leggings":1,"minecraft:potato":289,"minecraft:flint":63,"minecraft:lapis_lazuli":249,"minecraft:dirt":280,"minecraft:lantern":31,"minecraft:bone":82,"minecraft:acacia_planks":1,"minecraft:bow":105,"minecraft:stonecutter":23,"minecraft:wheat_seeds":249,"minecraft:bell":7,"minecraft:grindstone":5,"minecraft:fletching_table":14,"minecraft:diamond_helmet":1,"minecraft:glowstone_dust":1,"minecraft:stone_hoe":2,"minecraft:oak_planks":223,"minecraft:cooked_porkchop":6,"minecraft:oak_pressure_plate":1,"minecraft:sand":893,"minecraft:stripped_spruce_log":2,"minecraft:grass_block":1,"minecraft:diamond_block":2,"minecraft:mossy_cobblestone":22,"minecraft:sugar":1,"minecraft:diamond":9,"minecraft:spruce_boat":1,"minecraft:crossbow":1,"minecraft:granite":118,"minecraft:white_concrete":899,"minecraft:chainmail_helmet":5,"minecraft:emerald":159,"minecraft:bread":9,"minecraft:oak_sapling":29,"minecraft:diamond_pickaxe":1,"minecraft:crafting_table":16,"minecraft:azure_bluet":1,"minecraft:ladder":3,"minecraft:wooden_pickaxe":4,"minecraft:diorite_slab":5,"minecraft:gold_block":1,"minecraft:oak_trapdoor":8,"minecraft:iron_axe":9,"minecraft:beef":31,"minecraft:oak_boat":2,"minecraft:poppy":11,"minecraft:lectern":2,"minecraft:chest":12,"minecraft:sugar_cane":412,"minecraft:birch_sapling":25,"minecraft:egg":2,"minecraft:sandstone":1,"minecraft:oak_door":2,"minecraft:carrot":141,"minecraft:redstone":220,"minecraft:arrow":692,"minecraft:stone_shovel":10,"minecraft:diamond_chestplate":1,"minecraft:beetroot_seeds":9,"minecraft:diamond_boots":3,"minecraft:hay_block":26,"minecraft:saddle":1,"minecraft:mutton":7,"minecraft:white_wool":18,"minecraft:oxeye_daisy":1,"minecraft:leather":19,"minecraft:oak_log":202,"minecraft:chainmail_chestplate":8,"minecraft:cobblestone_wall":1,"minecraft:yellow_bed":22,"minecraft:gunpowder":22,"minecraft:paper":4,"minecraft:white_banner":4,"minecraft:apple":9,"minecraft:stone_bricks":6,"minecraft:acacia_trapdoor":6,"minecraft:iron_ingot":123,"minecraft:stone_pickaxe":7,"minecraft:iron_ore":291,"minecraft:glass_bottle":7,"minecraft:iron_sword":7,"minecraft:acacia_sapling":3,"minecraft:book":26,"minecraft:dandelion":1,"minecraft:gravel":536,"minecraft:spruce_sapling":413,"minecraft:blast_furnace":5,"minecraft:white_bed":27,"minecraft:spruce_log":4580,"minecraft:spruce_door":1,"minecraft:gold_ore":55,"minecraft:crying_obsidian":1,"minecraft:spider_eye":44,"minecraft:stone_axe":50,"minecraft:chainmail_leggings":1,"minecraft:iron_helmet":3,"minecraft:diamond_axe":3,"minecraft:baked_potato":9,"minecraft:black_wool":1,"minecraft:melon_seeds":8,"minecraft:coal":337,"minecraft:hopper":3,"minecraft:ender_pearl":1}},"DataVersion":2586}