{"stats":{"minecraft:used":{"minecraft:iron_shovel":283,"minecraft:poppy":5,"minecraft:ladder":8,"minecraft:oak_sign":1,"minecraft:white_concrete_powder":192,"minecraft:chest":5,"minecraft:iron_sword":377,"minecraft:bell":7,"minecraft:rotten_flesh":2,"minecraft:carrot":27,"minecraft:azure_bluet":1,"minecraft:birch_sapling":25,"minecraft:furnace":3,"minecraft:oak_sapling":2,"minecraft:egg":1,"minecraft:potato":124,"minecraft:diorite":6,"minecraft:acacia_trapdoor":2,"minecraft:oak_planks":35,"minecraft:composter":1,"minecraft:diamond_axe":2,"minecraft:sugar_cane":104,"minecraft:white_wool":4,"minecraft:sand":79,"minecraft:blast_furnace":1,"minecraft:acacia_door":1,"minecraft:bread":91,"minecraft:grindstone":1,"minecraft:birch_log":1,"minecraft:andesite":6,"minecraft:oak_boat":2,"minecraft:oak_trapdoor":7,"minecraft:enchanting_table":2,"minecraft:stone_shovel":104,"minecraft:spruce_planks":1,"minecraft:oak_door":2,"minecraft:torch":38,"minecraft:dirt":22,"minecraft:spruce_stairs":1,"minecraft:granite":17,"minecraft:iron_hoe":10,"minecraft:wooden_axe":35,"minecraft:bookshelf":15,"minecraft:iron_block":5,"minecraft:iron_axe":898,"minecraft:cooked_beef":5,"minecraft:water_bucket":24,"minecraft:iron_ore":1,"minecraft:baked_potato":1,"minecraft:fletching_table":10,"minecraft:stonecutter":1,"minecraft:crafting_table":8,"minecraft:white_bed":18,"minecraft:spruce_log":9,"minecraft:oak_log":11,"minecraft:diamond_pickaxe":373,"minecraft:oxeye_daisy":1,"minecraft:iron_pickaxe":658,"minecraft:spruce_sapling":20,"minecraft:cobblestone":236,"minecraft:cooked_porkchop":4,"minecraft:bucket":26,"minecraft:grass_path":8,"minecraft:yellow_bed":14},"minecraft:mined":{"minecraft:spruce_planks":1,"minecraft:white_bed":18,"minecraft:granite":16,"minecraft:acacia_log":40,"minecraft:grass_block":2,"minecraft:white_concrete":192,"minecraft:oak_pressure_plate":1,"minecraft:composter":5,"minecraft:oxeye_daisy":1,"minecraft:spawner":1,"minecraft:iron_ore":142,"minecraft:fletching_table":11,"minecraft:azure_bluet":1,"minecraft:enchanting_table":1,"minecraft:oak_stairs":1,"minecraft:iron_block":5,"minecraft:torch":10,"minecraft:blast_furnace":1,"minecraft:chest":4,"minecraft:cobblestone":158,"minecraft:sugar_cane":197,"minecraft:oak_planks":44,"minecraft:wall_torch":15,"minecraft:birch_sapling":1,"minecraft:birch_log":71,"minecraft:wheat":38,"minecraft:grass":38,"minecraft:oak_log":197,"minecraft:beetroots":3,"minecraft:sand":150,"minecraft:dirt":114,"minecraft:stonecutter":2,"minecraft:oak_leaves":37,"minecraft:diamond_ore":8,"minecraft:crying_obsidian":1,"minecraft:mossy_cobblestone":4,"minecraft:oak_door":2,"minecraft:ladder":2,"minecraft:spruce_leaves":12,"minecraft:hay_block":26,"minecraft:redstone_ore":33,"minecraft:oak_trapdoor":5,"minecraft:spruce_sapling":1,"minecraft:carrots":15,"minecraft:acacia_trapdoor":2,"minecraft:andesite":1,"minecraft:stripped_spruce_log":1,"minecraft:gold_block":1,"minecraft:bell":7,"minecraft:bookshelf":4,"minecraft:potatoes":53,"minecraft:stone":295,"minecraft:white_wool":4,"minecraft:smithing_table":1,"minecraft:oak_slab":1,"minecraft:acacia_leaves":5,"minecraft:oak_fence":1,"minecraft:crafting_table":5,"minecraft:lectern":1,"minecraft:tall_grass":11,"minecraft:lapis_ore":17,"minecraft:diorite":63,"minecraft:spruce_stairs":1,"minecraft:spruce_log":413,"minecraft:yellow_bed":14,"minecraft:grass_path":1,"minecraft:coal_ore":30,"minecraft:gravel":132,"minecraft:cobweb":2,"minecraft:gold_ore":31},"minecraft:dropped":{"minecraft:iron_sword":1,"minecraft:oak_pressure_plate":1,"minecraft:crafting_table":1,"minecraft:dirt":4,"minecraft:gold_nugget":1,"minecraft:iron_pickaxe":5,"minecraft:white_wool":2,"minecraft:bone":8,"minecraft:white_tulip":1,"minecraft:stone_axe":9,"minecraft:rotten_flesh":26,"minecraft:oak_planks":20,"minecraft:carrot":31,"minecraft:chainmail_chestplate":12,"minecraft:poppy":2,"minecraft:gunpowder":1,"minecraft:beetroot_seeds":5,"minecraft:melon_seeds":8,"minecraft:acacia_sapling":3,"minecraft:chainmail_boots":12,"minecraft:arrow":20,"minecraft:bread":20,"minecraft:wheat_seeds":83,"minecraft:oak_fence":1,"minecraft:iron_helmet":1,"minecraft:apple":18,"minecraft:granite":1,"minecraft:coal":1,"minecraft:stick":2,"minecraft:diorite":1,"minecraft:iron_leggings":1,"minecraft:oak_stairs":1,"minecraft:iron_axe":1,"minecraft:chainmail_leggings":11,"minecraft:string":5,"minecraft:bucket":1,"minecraft:spruce_sapling":14,"minecraft:dandelion":2,"minecraft:oak_trapdoor":4,"minecraft:stone_shovel":1,"minecraft:oak_sign":4,"minecraft:potato":45,"minecraft:oak_sapling":28,"minecraft:spider_eye":7,"minecraft:spruce_log":1,"minecraft:bow":5,"minecraft:stone_pickaxe":2,"minecraft:wooden_pickaxe":10},"minecraft:custom":{"minecraft:interact_with_crafting_table":95,"minecraft:bell_ring":67,"minecraft:leave_game":17,"minecraft:time_since_death":71505,"minecraft:sprint_one_cm":905208,"minecraft:drop":182,"minecraft:talked_to_villager":84,"minecraft:deaths":6,"minecraft:jump":7740,"minecraft:walk_on_water_one_cm":56609,"minecraft:enchant_item":4,"minecraft:interact_with_furnace":35,"minecraft:traded_with_villager":217,"minecraft:play_one_minute":357904,"minecraft:sleep_in_bed":11,"minecraft:damage_dealt":25295,"minecraft:player_kills":3,"minecraft:crouch_one_cm":44764,"minecraft:interact_with_smithing_table":1,"minecraft:mob_kills":108,"minecraft:climb_one_cm":43168,"minecraft:walk_one_cm":966159,"minecraft:sneak_time":14164,"minecraft:walk_under_water_one_cm":41293,"minecraft:boat_one_cm":89674,"minecraft:interact_with_blast_furnace":13,"minecraft:interact_with_stonecutter":1,"minecraft:interact_with_grindstone":3,"minecraft:time_since_rest":11369,"minecraft:damage_taken":4918,"minecraft:swim_one_cm":31878,"minecraft:fly_one_cm":1614344,"minecraft:open_chest":211,"minecraft:fall_one_cm":210276},"minecraft:crafted":{"minecraft:grindstone":1,"minecraft:oak_planks":752,"minecraft:oak_sign":3,"minecraft:white_tulip":1,"minecraft:stone":16,"minecraft:bookshelf":17,"minecraft:diamond_helmet":1,"minecraft:diamond_leggings":1,"minecraft:emerald":177,"minecraft:cooked_porkchop":7,"minecraft:diamond_axe":1,"minecraft:crafting_table":3,"minecraft:spruce_planks":1528,"minecraft:baked_potato":1,"minecraft:iron_helmet":1,"minecraft:chainmail_chestplate":12,"minecraft:fletching_table":1,"minecraft:birch_planks":280,"minecraft:iron_chestplate":1,"minecraft:book":36,"minecraft:paper":306,"minecraft:stick":5604,"minecraft:stone_slab":6,"minecraft:iron_ingot":161,"minecraft:iron_pickaxe":4,"minecraft:iron_block":8,"minecraft:acacia_door":3,"minecraft:stone_shovel":2,"minecraft:furnace":3,"minecraft:bone_meal":45,"minecraft:oak_trapdoor":6,"minecraft:spruce_stairs":4,"minecraft:white_concrete_powder":192,"minecraft:iron_axe":4,"minecraft:ladder":6,"minecraft:iron_hoe":1,"minecraft:diamond_boots":1,"minecraft:dark_oak_planks":256,"minecraft:chainmail_leggings":11,"minecraft:wheat":234,"minecraft:cooked_beef":5,"minecraft:enchanting_table":1,"minecraft:iron_sword":3,"minecraft:bucket":2,"minecraft:bread":123,"minecraft:air":0,"minecraft:oak_boat":1,"minecraft:white_dye":45,"minecraft:chainmail_boots":12,"minecraft:wooden_axe":1,"minecraft:iron_shovel":3,"minecraft:iron_leggings":1,"minecraft:acacia_planks":160,"minecraft:torch":16,"minecraft:diamond_chestplate":1},"minecraft:killed_by":{"minecraft:creeper":3,"minecraft:player":1,"minecraft:spider":1},"minecraft:broken":{"minecraft:iron_shovel":1,"minecraft:wooden_axe":1,"minecraft:iron_axe":4,"minecraft:iron_pickaxe":1},"minecraft:killed":{"minecraft:cave_spider":1,"minecraft:spider":16,"minecraft:skeleton":27,"minecraft:pig":3,"minecraft:iron_golem":5,"minecraft:creeper":6,"minecraft:sheep":2,"minecraft:trader_llama":2,"minecraft:zombie":39,"minecraft:cow":5,"minecraft:husk":1,"minecraft:enderman":1},"minecraft:picked_up":{"minecraft:iron_chestplate":5,"minecraft:wheat":22,"minecraft:smithing_table":1,"minecraft:lead":2,"minecraft:oak_stairs":1,"minecraft:string":20,"minecraft:iron_leggings":2,"minecraft:oak_sign":2,"minecraft:beetroot":1,"minecraft:diamond_leggings":1,"minecraft:gold_nugget":1,"minecraft:bucket":2,"minecraft:spruce_planks":1,"minecraft:iron_pickaxe":8,"minecraft:furnace":1,"minecraft:iron_boots":2,"minecraft:stick":231,"minecraft:composter":17,"minecraft:oak_fence":1,"minecraft:torch":35,"minecraft:acacia_log":40,"minecraft:spruce_stairs":1,"minecraft:porkchop":7,"minecraft:diorite":65,"minecraft:rotten_flesh":37,"minecraft:music_disc_ward":2,"minecraft:iron_block":5,"minecraft:cobblestone":812,"minecraft:birch_log":71,"minecraft:enchanting_table":1,"minecraft:cooked_beef":4,"minecraft:water_bucket":1,"minecraft:andesite":11,"minecraft:potato":185,"minecraft:flint":20,"minecraft:dirt":174,"minecraft:lapis_lazuli":120,"minecraft:bone":40,"minecraft:stonecutter":3,"minecraft:bow":4,"minecraft:wheat_seeds":231,"minecraft:bell":7,"minecraft:diamond_helmet":1,"minecraft:fletching_table":13,"minecraft:oak_planks":219,"minecraft:cooked_porkchop":6,"minecraft:oak_pressure_plate":1,"minecraft:sand":175,"minecraft:stripped_spruce_log":1,"minecraft:mossy_cobblestone":6,"minecraft:diamond":8,"minecraft:granite":19,"minecraft:white_concrete":384,"minecraft:bread":9,"minecraft:emerald":90,"minecraft:oak_sapling":29,"minecraft:diamond_pickaxe":1,"minecraft:crafting_table":7,"minecraft:azure_bluet":1,"minecraft:ladder":2,"minecraft:wooden_pickaxe":4,"minecraft:gold_block":1,"minecraft:oak_trapdoor":8,"minecraft:iron_axe":4,"minecraft:beef":15,"minecraft:oak_boat":2,"minecraft:poppy":7,"minecraft:lectern":1,"minecraft:sugar_cane":411,"minecraft:chest":6,"minecraft:birch_sapling":25,"minecraft:egg":1,"minecraft:oak_door":2,"minecraft:carrot":141,"minecraft:redstone":218,"minecraft:arrow":28,"minecraft:diamond_chestplate":1,"minecraft:stone_shovel":6,"minecraft:beetroot_seeds":9,"minecraft:diamond_boots":1,"minecraft:hay_block":26,"minecraft:mutton":2,"minecraft:white_wool":12,"minecraft:oxeye_daisy":1,"minecraft:leather":9,"minecraft:oak_log":197,"minecraft:yellow_bed":14,"minecraft:gunpowder":9,"minecraft:apple":9,"minecraft:acacia_trapdoor":2,"minecraft:iron_ingot":61,"minecraft:stone_pickaxe":2,"minecraft:iron_ore":237,"minecraft:acacia_sapling":3,"minecraft:iron_sword":4,"minecraft:book":18,"minecraft:dandelion":1,"minecraft:gravel":109,"minecraft:spruce_sapling":34,"minecraft:blast_furnace":4,"minecraft:white_bed":18,"minecraft:spruce_log":413,"minecraft:spider_eye":9,"minecraft:gold_ore":55,"minecraft:crying_obsidian":1,"minecraft:stone_axe":12,"minecraft:iron_helmet":3,"minecraft:melon_seeds":8,"minecraft:coal":119}},"DataVersion":2586}