{"stats":{"minecraft:mined":{"minecraft:diamond_ore":8,"minecraft:white_bed":7,"minecraft:mossy_cobblestone":1,"minecraft:oak_door":2,"minecraft:ladder":2,"minecraft:granite":1,"minecraft:oak_pressure_plate":1,"minecraft:composter":5,"minecraft:spawner":1,"minecraft:hay_block":6,"minecraft:redstone_ore":33,"minecraft:oak_trapdoor":5,"minecraft:carrots":10,"minecraft:iron_ore":125,"minecraft:andesite":1,"minecraft:fletching_table":1,"minecraft:bell":7,"minecraft:potatoes":8,"minecraft:oak_stairs":1,"minecraft:stone":193,"minecraft:white_wool":4,"minecraft:oak_slab":1,"minecraft:oak_fence":1,"minecraft:crafting_table":2,"minecraft:torch":2,"minecraft:blast_furnace":1,"minecraft:chest":2,"minecraft:tall_grass":3,"minecraft:cobblestone":25,"minecraft:lapis_ore":9,"minecraft:oak_planks":40,"minecraft:wall_torch":7,"minecraft:wheat":28,"minecraft:yellow_bed":5,"minecraft:grass":8,"minecraft:oak_log":24,"minecraft:coal_ore":15,"minecraft:beetroots":2,"minecraft:dirt":112,"minecraft:cobweb":2,"minecraft:stonecutter":2,"minecraft:gold_ore":30,"minecraft:oak_leaves":2},"minecraft:used":{"minecraft:oak_trapdoor":7,"minecraft:stone_shovel":104,"minecraft:ladder":8,"minecraft:poppy":5,"minecraft:chest":4,"minecraft:iron_sword":151,"minecraft:bell":7,"minecraft:rotten_flesh":2,"minecraft:oak_door":2,"minecraft:torch":9,"minecraft:dirt":19,"minecraft:carrot":24,"minecraft:granite":1,"minecraft:wooden_axe":35,"minecraft:iron_axe":105,"minecraft:oak_sapling":2,"minecraft:furnace":3,"minecraft:egg":1,"minecraft:cooked_beef":5,"minecraft:potato":26,"minecraft:iron_ore":1,"minecraft:baked_potato":1,"minecraft:oak_planks":20,"minecraft:composter":1,"minecraft:stonecutter":1,"minecraft:white_wool":4,"minecraft:crafting_table":5,"minecraft:white_bed":7,"minecraft:bread":19,"minecraft:iron_pickaxe":466,"minecraft:cobblestone":53,"minecraft:cooked_porkchop":2,"minecraft:andesite":6,"minecraft:bucket":1,"minecraft:grass_path":8,"minecraft:yellow_bed":5},"minecraft:dropped":{"minecraft:bread":9,"minecraft:wheat_seeds":49,"minecraft:oak_pressure_plate":1,"minecraft:crafting_table":1,"minecraft:oak_fence":1,"minecraft:granite":1,"minecraft:coal":1,"minecraft:stick":2,"minecraft:oak_stairs":1,"minecraft:gold_nugget":1,"minecraft:string":2,"minecraft:white_wool":2,"minecraft:bone":6,"minecraft:stone_axe":4,"minecraft:oak_trapdoor":4,"minecraft:rotten_flesh":14,"minecraft:oak_planks":20,"minecraft:carrot":1,"minecraft:poppy":2,"minecraft:beetroot_seeds":2,"minecraft:oak_sapling":7,"minecraft:spider_eye":4,"minecraft:arrow":3,"minecraft:stone_pickaxe":2},"minecraft:custom":{"minecraft:mob_kills":51,"minecraft:interact_with_crafting_table":23,"minecraft:bell_ring":67,"minecraft:leave_game":4,"minecraft:time_since_death":11920,"minecraft:climb_one_cm":8056,"minecraft:sprint_one_cm":242924,"minecraft:walk_one_cm":312736,"minecraft:drop":50,"minecraft:talked_to_villager":6,"minecraft:deaths":5,"minecraft:sneak_time":4273,"minecraft:walk_under_water_one_cm":24777,"minecraft:jump":1597,"minecraft:walk_on_water_one_cm":23536,"minecraft:interact_with_furnace":17,"minecraft:play_one_minute":85671,"minecraft:time_since_rest":11949,"minecraft:damage_taken":3293,"minecraft:damage_dealt":12914,"minecraft:swim_one_cm":4614,"minecraft:fly_one_cm":253767,"minecraft:player_kills":3,"minecraft:open_chest":14,"minecraft:crouch_one_cm":12192,"minecraft:fall_one_cm":37693},"minecraft:crafted":{"minecraft:oak_planks":96,"minecraft:stone_shovel":2,"minecraft:furnace":3,"minecraft:oak_trapdoor":6,"minecraft:iron_axe":1,"minecraft:ladder":6,"minecraft:wheat":54,"minecraft:cooked_beef":5,"minecraft:cooked_porkchop":7,"minecraft:crafting_table":3,"minecraft:baked_potato":1,"minecraft:iron_helmet":1,"minecraft:iron_sword":2,"minecraft:bucket":1,"minecraft:bread":18,"minecraft:air":0,"minecraft:iron_chestplate":1,"minecraft:stick":56,"minecraft:iron_pickaxe":2,"minecraft:iron_ingot":4,"minecraft:wooden_axe":1,"minecraft:iron_leggings":1,"minecraft:torch":4},"minecraft:broken":{"minecraft:iron_pickaxe":1,"minecraft:wooden_axe":1},"minecraft:killed_by":{"minecraft:player":1,"minecraft:creeper":3,"minecraft:spider":1},"minecraft:killed":{"minecraft:cave_spider":1,"minecraft:spider":6,"minecraft:skeleton":10,"minecraft:pig":3,"minecraft:iron_golem":5,"minecraft:creeper":3,"minecraft:sheep":2,"minecraft:zombie":19,"minecraft:cow":2},"minecraft:picked_up":{"minecraft:crafting_table":3,"minecraft:iron_chestplate":4,"minecraft:wheat":12,"minecraft:ladder":2,"minecraft:wooden_pickaxe":3,"minecraft:oak_stairs":1,"minecraft:oak_trapdoor":8,"minecraft:string":15,"minecraft:iron_axe":3,"minecraft:iron_leggings":1,"minecraft:gold_nugget":1,"minecraft:beef":5,"minecraft:poppy":7,"minecraft:iron_pickaxe":4,"minecraft:chest":4,"minecraft:egg":1,"minecraft:stick":167,"minecraft:oak_door":2,"minecraft:composter":17,"minecraft:oak_fence":1,"minecraft:torch":17,"minecraft:porkchop":7,"minecraft:diorite":6,"minecraft:carrot":124,"minecraft:redstone":218,"minecraft:arrow":11,"minecraft:rotten_flesh":25,"minecraft:stone_shovel":6,"minecraft:beetroot_seeds":6,"minecraft:music_disc_ward":2,"minecraft:hay_block":6,"minecraft:mutton":2,"minecraft:cobblestone":574,"minecraft:white_wool":12,"minecraft:cooked_beef":4,"minecraft:andesite":11,"minecraft:leather":2,"minecraft:potato":21,"minecraft:oak_log":24,"minecraft:yellow_bed":5,"minecraft:gunpowder":5,"minecraft:lapis_lazuli":60,"minecraft:dirt":167,"minecraft:bone":18,"minecraft:apple":7,"minecraft:stonecutter":3,"minecraft:wheat_seeds":196,"minecraft:bell":7,"minecraft:stone_pickaxe":2,"minecraft:iron_ingot":61,"minecraft:iron_ore":222,"minecraft:fletching_table":3,"minecraft:iron_sword":3,"minecraft:oak_planks":182,"minecraft:book":6,"minecraft:cooked_porkchop":5,"minecraft:oak_pressure_plate":1,"minecraft:blast_furnace":4,"minecraft:white_bed":7,"minecraft:gold_ore":54,"minecraft:spider_eye":5,"minecraft:mossy_cobblestone":2,"minecraft:diamond":8,"minecraft:stone_axe":7,"minecraft:iron_helmet":2,"minecraft:granite":4,"minecraft:oak_sapling":9,"minecraft:coal":105}},"DataVersion":2586}