{"stats":{"minecraft:killed_by":{"minecraft:player":1},"minecraft:used":{"minecraft:wooden_axe":35,"minecraft:bread":6,"minecraft:iron_pickaxe":3,"minecraft:oak_planks":6,"minecraft:poppy":4,"minecraft:iron_sword":44,"minecraft:bell":1,"minecraft:rotten_flesh":2,"minecraft:white_wool":2,"minecraft:crafting_table":1,"minecraft:oak_sapling":1,"minecraft:yellow_bed":2,"minecraft:grass_path":8,"minecraft:white_bed":1},"minecraft:dropped":{"minecraft:rotten_flesh":3,"minecraft:carrot":1},"minecraft:broken":{"minecraft:wooden_axe":1},"minecraft:picked_up":{"minecraft:stick":5,"minecraft:crafting_table":1,"minecraft:composter":2,"minecraft:torch":1,"minecraft:porkchop":7,"minecraft:oak_log":5,"minecraft:carrot":2,"minecraft:blast_furnace":1,"minecraft:yellow_bed":2,"minecraft:white_bed":6,"minecraft:spider_eye":1,"minecraft:rotten_flesh":7,"minecraft:stonecutter":1,"minecraft:bell":1,"minecraft:hay_block":6,"minecraft:iron_ingot":9,"minecraft:fletching_table":1,"minecraft:poppy":4,"minecraft:oak_sapling":1,"minecraft:mutton":2,"minecraft:oak_planks":6,"minecraft:white_wool":3},"minecraft:mined":{"minecraft:hay_block":6,"minecraft:white_bed":6,"minecraft:fletching_table":1,"minecraft:yellow_bed":2,"minecraft:crafting_table":1,"minecraft:bell":1,"minecraft:grass":6,"minecraft:blast_furnace":1,"minecraft:oak_log":5,"minecraft:tall_grass":1,"minecraft:stonecutter":1,"minecraft:composter":2,"minecraft:oak_planks":6,"minecraft:white_wool":1,"minecraft:oak_leaves":1,"minecraft:wall_torch":1},"minecraft:killed":{"minecraft:sheep":2,"minecraft:zombie":7,"minecraft:pig":3,"minecraft:iron_golem":2,"minecraft:creeper":1},"minecraft:custom":{"minecraft:time_since_rest":13869,"minecraft:sprint_one_cm":51001,"minecraft:damage_taken":469,"minecraft:walk_one_cm":62728,"minecraft:mob_kills":15,"minecraft:drop":4,"minecraft:damage_dealt":4399,"minecraft:talked_to_villager":1,"minecraft:player_kills":1,"minecraft:interact_with_crafting_table":4,"minecraft:fly_one_cm":83544,"minecraft:open_chest":3,"minecraft:play_one_minute":21361,"minecraft:crouch_one_cm":1909,"minecraft:deaths":1,"minecraft:sneak_time":946,"minecraft:jump":485,"minecraft:leave_game":1,"minecraft:walk_on_water_one_cm":205,"minecraft:time_since_death":13829,"minecraft:climb_one_cm":355,"minecraft:fall_one_cm":13121},"minecraft:crafted":{"minecraft:oak_planks":20,"minecraft:crafting_table":1,"minecraft:stick":8,"minecraft:iron_pickaxe":1,"minecraft:wooden_axe":1,"minecraft:iron_sword":1,"minecraft:bread":3,"minecraft:wheat":9}},"DataVersion":2586}