{"stats":{"minecraft:killed_by":{"minecraft:player":1,"minecraft:creeper":3,"minecraft:spider":1},"minecraft:used":{"minecraft:oak_trapdoor":7,"minecraft:stone_shovel":104,"minecraft:ladder":8,"minecraft:poppy":5,"minecraft:oak_sign":1,"minecraft:chest":5,"minecraft:iron_sword":177,"minecraft:rotten_flesh":2,"minecraft:bell":7,"minecraft:oak_door":2,"minecraft:torch":20,"minecraft:dirt":19,"minecraft:carrot":27,"minecraft:granite":1,"minecraft:wooden_axe":35,"minecraft:iron_axe":164,"minecraft:oak_sapling":2,"minecraft:furnace":3,"minecraft:egg":1,"minecraft:cooked_beef":5,"minecraft:potato":26,"minecraft:water_bucket":1,"minecraft:iron_ore":1,"minecraft:baked_potato":1,"minecraft:oak_planks":20,"minecraft:composter":1,"minecraft:stonecutter":1,"minecraft:white_wool":4,"minecraft:crafting_table":7,"minecraft:blast_furnace":1,"minecraft:white_bed":11,"minecraft:spruce_log":9,"minecraft:diamond_pickaxe":27,"minecraft:bread":35,"minecraft:iron_pickaxe":466,"minecraft:cobblestone":66,"minecraft:cooked_porkchop":2,"minecraft:andesite":6,"minecraft:bucket":2,"minecraft:grass_path":8,"minecraft:yellow_bed":10,"minecraft:oak_boat":2},"minecraft:dropped":{"minecraft:bread":9,"minecraft:wheat_seeds":49,"minecraft:oak_pressure_plate":1,"minecraft:crafting_table":1,"minecraft:oak_fence":1,"minecraft:iron_helmet":1,"minecraft:granite":1,"minecraft:coal":1,"minecraft:stick":2,"minecraft:diorite":1,"minecraft:oak_stairs":1,"minecraft:gold_nugget":1,"minecraft:string":2,"minecraft:white_wool":2,"minecraft:spruce_sapling":8,"minecraft:dandelion":2,"minecraft:bone":6,"minecraft:stone_axe":4,"minecraft:oak_trapdoor":4,"minecraft:rotten_flesh":18,"minecraft:oak_planks":20,"minecraft:oak_sign":4,"minecraft:carrot":1,"minecraft:poppy":2,"minecraft:beetroot_seeds":2,"minecraft:oak_sapling":7,"minecraft:spider_eye":4,"minecraft:arrow":5,"minecraft:stone_pickaxe":2},"minecraft:broken":{"minecraft:iron_pickaxe":1,"minecraft:wooden_axe":1},"minecraft:picked_up":{"minecraft:crafting_table":6,"minecraft:iron_chestplate":4,"minecraft:wheat":12,"minecraft:ladder":2,"minecraft:smithing_table":1,"minecraft:wooden_pickaxe":4,"minecraft:oak_stairs":1,"minecraft:string":15,"minecraft:oak_trapdoor":8,"minecraft:iron_axe":3,"minecraft:iron_leggings":1,"minecraft:oak_sign":2,"minecraft:gold_nugget":1,"minecraft:beef":5,"minecraft:oak_boat":2,"minecraft:poppy":7,"minecraft:iron_pickaxe":4,"minecraft:lectern":1,"minecraft:sugar_cane":39,"minecraft:chest":4,"minecraft:egg":1,"minecraft:stick":173,"minecraft:oak_door":2,"minecraft:composter":17,"minecraft:oak_fence":1,"minecraft:torch":25,"minecraft:porkchop":7,"minecraft:diorite":7,"minecraft:carrot":124,"minecraft:redstone":218,"minecraft:arrow":13,"minecraft:rotten_flesh":29,"minecraft:stone_shovel":6,"minecraft:beetroot_seeds":6,"minecraft:music_disc_ward":2,"minecraft:hay_block":26,"minecraft:mutton":2,"minecraft:cobblestone":590,"minecraft:white_wool":12,"minecraft:cooked_beef":4,"minecraft:andesite":11,"minecraft:leather":2,"minecraft:potato":21,"minecraft:oak_log":24,"minecraft:yellow_bed":14,"minecraft:gunpowder":5,"minecraft:lapis_lazuli":120,"minecraft:dirt":167,"minecraft:bone":18,"minecraft:apple":7,"minecraft:stonecutter":3,"minecraft:wheat_seeds":197,"minecraft:bell":7,"minecraft:stone_pickaxe":2,"minecraft:iron_ingot":61,"minecraft:iron_ore":229,"minecraft:fletching_table":3,"minecraft:iron_sword":3,"minecraft:oak_planks":182,"minecraft:book":18,"minecraft:cooked_porkchop":5,"minecraft:dandelion":1,"minecraft:oak_pressure_plate":1,"minecraft:spruce_sapling":8,"minecraft:blast_furnace":4,"minecraft:white_bed":13,"minecraft:spruce_log":31,"minecraft:gold_ore":54,"minecraft:spider_eye":5,"minecraft:mossy_cobblestone":2,"minecraft:diamond":8,"minecraft:stone_axe":7,"minecraft:iron_helmet":2,"minecraft:granite":4,"minecraft:oak_sapling":9,"minecraft:coal":105},"minecraft:mined":{"minecraft:diamond_ore":8,"minecraft:white_bed":13,"minecraft:mossy_cobblestone":1,"minecraft:oak_door":2,"minecraft:ladder":2,"minecraft:granite":1,"minecraft:oak_pressure_plate":1,"minecraft:spruce_leaves":5,"minecraft:composter":5,"minecraft:spawner":1,"minecraft:hay_block":26,"minecraft:redstone_ore":33,"minecraft:oak_trapdoor":5,"minecraft:carrots":10,"minecraft:iron_ore":132,"minecraft:andesite":1,"minecraft:fletching_table":1,"minecraft:bell":7,"minecraft:bookshelf":4,"minecraft:potatoes":8,"minecraft:oak_stairs":1,"minecraft:stone":199,"minecraft:white_wool":4,"minecraft:smithing_table":1,"minecraft:oak_slab":1,"minecraft:oak_fence":1,"minecraft:crafting_table":5,"minecraft:torch":7,"minecraft:blast_furnace":1,"minecraft:chest":2,"minecraft:lectern":1,"minecraft:tall_grass":5,"minecraft:cobblestone":30,"minecraft:lapis_ore":17,"minecraft:sugar_cane":16,"minecraft:oak_planks":40,"minecraft:wall_torch":10,"minecraft:wheat":28,"minecraft:spruce_log":31,"minecraft:yellow_bed":14,"minecraft:grass":19,"minecraft:oak_log":24,"minecraft:coal_ore":15,"minecraft:beetroots":2,"minecraft:dirt":112,"minecraft:cobweb":2,"minecraft:stonecutter":2,"minecraft:gold_ore":30,"minecraft:oak_leaves":2},"minecraft:killed":{"minecraft:cave_spider":1,"minecraft:spider":6,"minecraft:skeleton":10,"minecraft:pig":3,"minecraft:iron_golem":5,"minecraft:creeper":3,"minecraft:sheep":2,"minecraft:zombie":25,"minecraft:cow":2},"minecraft:custom":{"minecraft:mob_kills":57,"minecraft:interact_with_crafting_table":29,"minecraft:bell_ring":67,"minecraft:leave_game":12,"minecraft:time_since_death":57142,"minecraft:climb_one_cm":12612,"minecraft:sprint_one_cm":405800,"minecraft:walk_one_cm":396286,"minecraft:drop":59,"minecraft:talked_to_villager":7,"minecraft:deaths":5,"minecraft:sneak_time":4641,"minecraft:walk_under_water_one_cm":30516,"minecraft:boat_one_cm":89674,"minecraft:jump":3110,"minecraft:interact_with_blast_furnace":10,"minecraft:walk_on_water_one_cm":36065,"minecraft:interact_with_furnace":23,"minecraft:traded_with_villager":1,"minecraft:play_one_minute":130893,"minecraft:sleep_in_bed":2,"minecraft:time_since_rest":19476,"minecraft:damage_taken":3444,"minecraft:damage_dealt":14227,"minecraft:player_kills":3,"minecraft:swim_one_cm":25203,"minecraft:fly_one_cm":651134,"minecraft:open_chest":49,"minecraft:crouch_one_cm":13296,"minecraft:fall_one_cm":82731},"minecraft:crafted":{"minecraft:oak_planks":96,"minecraft:oak_sign":3,"minecraft:stone_shovel":2,"minecraft:furnace":3,"minecraft:oak_trapdoor":6,"minecraft:diamond_leggings":1,"minecraft:iron_axe":1,"minecraft:ladder":6,"minecraft:wheat":54,"minecraft:cooked_beef":5,"minecraft:emerald":1,"minecraft:cooked_porkchop":7,"minecraft:crafting_table":3,"minecraft:iron_helmet":1,"minecraft:baked_potato":1,"minecraft:iron_sword":2,"minecraft:bucket":1,"minecraft:bread":38,"minecraft:air":0,"minecraft:oak_boat":1,"minecraft:iron_chestplate":1,"minecraft:stick":56,"minecraft:iron_ingot":89,"minecraft:iron_pickaxe":2,"minecraft:wooden_axe":1,"minecraft:iron_leggings":1,"minecraft:torch":4}},"DataVersion":2586}