{
  "minecraft:recipes/misc/charcoal": {
    "criteria": {
      "has_log": "2024-05-22 18:47:01 +0000"
    },
    "done": true
  },
  "minecraft:recipes/building_blocks/oak_planks": {
    "criteria": {
      "has_logs": "2024-05-22 18:47:01 +0000"
    },
    "done": true
  },
  "minecraft:recipes/building_blocks/oak_wood": {
    "criteria": {
      "has_log": "2024-05-22 18:47:01 +0000"
    },
    "done": true
  },
  "minecraft:adventure/adventuring_time": {
    "criteria": {
      "minecraft:plains": "2024-05-22 18:43:25 +0000"
    },
    "done": false
  },
  "DataVersion": 2586
}